-- MySQL dump 10.13  Distrib 5.1.49, for debian-linux-gnu (x86_64)
--
-- Host: localhost    Database: echoes_game
-- ------------------------------------------------------
-- Server version	5.1.49-3

/*!40101 SET @OLD_CHARACTER_SET_CLIENT=@@CHARACTER_SET_CLIENT */;
/*!40101 SET @OLD_CHARACTER_SET_RESULTS=@@CHARACTER_SET_RESULTS */;
/*!40101 SET @OLD_COLLATION_CONNECTION=@@COLLATION_CONNECTION */;
/*!40101 SET NAMES utf8 */;
/*!40103 SET @OLD_TIME_ZONE=@@TIME_ZONE */;
/*!40103 SET TIME_ZONE='+00:00' */;
/*!40014 SET @OLD_UNIQUE_CHECKS=@@UNIQUE_CHECKS, UNIQUE_CHECKS=0 */;
/*!40014 SET @OLD_FOREIGN_KEY_CHECKS=@@FOREIGN_KEY_CHECKS, FOREIGN_KEY_CHECKS=0 */;
/*!40101 SET @OLD_SQL_MODE=@@SQL_MODE, SQL_MODE='NO_AUTO_VALUE_ON_ZERO' */;
/*!40111 SET @OLD_SQL_NOTES=@@SQL_NOTES, SQL_NOTES=0 */;

--
-- Table structure for table `ACHIEVEMENTS`
--

DROP TABLE IF EXISTS `ACHIEVEMENTS`;
/*!40101 SET @saved_cs_client     = @@character_set_client */;
/*!40101 SET character_set_client = utf8 */;
CREATE TABLE `ACHIEVEMENTS` (
  `ACH_ID` bigint(20) NOT NULL AUTO_INCREMENT,
  `ACH_NAME` varchar(20) NOT NULL,
  `ACH_DESC` varchar(50) NOT NULL,
  PRIMARY KEY (`ACH_ID`)
) ENGINE=MyISAM DEFAULT CHARSET=utf8;
/*!40101 SET character_set_client = @saved_cs_client */;

--
-- Dumping data for table `ACHIEVEMENTS`
--

LOCK TABLES `ACHIEVEMENTS` WRITE;
/*!40000 ALTER TABLE `ACHIEVEMENTS` DISABLE KEYS */;
/*!40000 ALTER TABLE `ACHIEVEMENTS` ENABLE KEYS */;
UNLOCK TABLES;

--
-- Table structure for table `ACHIEVEMENTS_USERS`
--

DROP TABLE IF EXISTS `ACHIEVEMENTS_USERS`;
/*!40101 SET @saved_cs_client     = @@character_set_client */;
/*!40101 SET character_set_client = utf8 */;
CREATE TABLE `ACHIEVEMENTS_USERS` (
  `ASR_USR_ID` bigint(20) NOT NULL,
  `ASR_ACH_ID` bigint(20) NOT NULL,
  UNIQUE KEY `ASR_USR_ID` (`ASR_USR_ID`,`ASR_ACH_ID`)
) ENGINE=MyISAM DEFAULT CHARSET=utf8;
/*!40101 SET character_set_client = @saved_cs_client */;

--
-- Dumping data for table `ACHIEVEMENTS_USERS`
--

LOCK TABLES `ACHIEVEMENTS_USERS` WRITE;
/*!40000 ALTER TABLE `ACHIEVEMENTS_USERS` DISABLE KEYS */;
/*!40000 ALTER TABLE `ACHIEVEMENTS_USERS` ENABLE KEYS */;
UNLOCK TABLES;

--
-- Table structure for table `LOGS`
--

DROP TABLE IF EXISTS `LOGS`;
/*!40101 SET @saved_cs_client     = @@character_set_client */;
/*!40101 SET character_set_client = utf8 */;
CREATE TABLE `LOGS` (
  `LOG_USR_ID` bigint(20) NOT NULL,
  `LOG_USR_IP` varchar(20) NOT NULL,
  `LOG_DATE` datetime NOT NULL,
  `LOG_MSG` varchar(50) DEFAULT NULL,
  KEY `IDX_DATE` (`LOG_DATE`)
) ENGINE=MyISAM DEFAULT CHARSET=utf8;
/*!40101 SET character_set_client = @saved_cs_client */;

--
-- Dumping data for table `LOGS`
--

LOCK TABLES `LOGS` WRITE;
/*!40000 ALTER TABLE `LOGS` DISABLE KEYS */;
INSERT INTO `LOGS` (`LOG_USR_ID`, `LOG_USR_IP`, `LOG_DATE`, `LOG_MSG`) VALUES (100000831236752,'88.174.247.229','2011-09-02 12:32:03','index'),(100000831236752,'88.174.247.229','2011-09-02 12:31:52','index'),(100000831236752,'88.174.247.229','2011-09-02 12:28:01','index'),(100000831236752,'88.174.247.229','2011-09-02 12:27:57','index'),(100000831236752,'88.174.247.229','2011-09-02 12:07:00','index'),(100000831236752,'88.174.247.229','2011-09-02 12:06:56','index'),(100000831236752,'88.174.247.229','2011-09-02 12:04:07','index'),(100000831236752,'88.174.247.229','2011-09-02 12:04:02','index'),(0,'193.40.244.203','2011-09-02 12:02:45','index'),(1278218843,'92.140.235.244','2011-09-02 11:54:29','init_board, level : expert'),(1278218843,'92.140.235.244','2011-09-02 11:51:45','init_board, level : expert'),(1278218843,'92.140.235.244','2011-09-02 11:51:37','index'),(0,'92.140.235.244','2011-09-02 11:51:23','index'),(0,'81.93.6.24','2011-09-02 10:27:15','init_board, level : normal'),(0,'81.93.6.24','2011-09-02 10:21:41','index'),(0,'81.93.6.24','2011-09-02 10:09:46','init_board, level : maitre'),(0,'81.93.6.24','2011-09-02 10:09:32','init_board, level : expert'),(0,'81.93.6.24','2011-09-02 10:09:04','init_board, level : novice'),(0,'81.93.6.24','2011-09-02 10:08:41','init_board, level : 5'),(0,'81.93.6.24','2011-09-02 10:07:57','init_board, level : 4'),(0,'81.93.6.24','2011-09-02 10:07:33','init_board, level : 3'),(0,'81.93.6.24','2011-09-02 10:07:17','init_board, level : 2'),(100000831236752,'88.174.247.229','2011-09-02 10:07:16','index'),(100000831236752,'88.174.247.229','2011-09-02 10:07:11','index'),(0,'81.93.6.24','2011-09-02 10:07:09','init_board, level : 1'),(0,'81.93.6.24','2011-09-02 10:06:58','index'),(100000831236752,'88.174.247.229','2011-09-02 09:53:14','index'),(100000831236752,'88.174.247.229','2011-09-02 09:10:07','index'),(100000831236752,'88.174.247.229','2011-09-02 09:08:02','index'),(100000831236752,'88.174.247.229','2011-09-02 09:07:55','index'),(559788374,'88.171.193.133','2011-09-02 01:27:21','init_board, level : maitre'),(559788374,'88.171.193.133','2011-09-02 01:27:16','init_board, level : 1'),(559788374,'88.171.193.133','2011-09-02 01:27:10','index'),(559788374,'81.93.6.24','2011-09-02 13:25:25','index'),(559788374,'81.93.6.24','2011-09-02 13:25:31','index'),(100000831236752,'88.174.247.229','2011-09-02 13:28:54','index'),(100000831236752,'88.174.247.229','2011-09-02 13:29:34','index'),(100000831236752,'88.174.247.229','2011-09-02 13:30:56','index'),(100000831236752,'88.174.247.229','2011-09-02 13:31:02','index'),(0,'81.93.6.24','2011-09-02 13:33:28','index'),(100002515460499,'81.93.6.24','2011-09-02 13:33:45','index'),(100002515460499,'81.93.6.24','2011-09-02 13:33:51','index'),(100002515460499,'81.93.6.24','2011-09-02 13:36:23','index'),(100002515460499,'81.93.6.24','2011-09-02 13:38:09','deauth : 100002515460499 / 81.93.6.24'),(100002515460499,'81.93.6.24','2011-09-02 13:38:55','index'),(0,'89.211.35.170','2011-09-02 13:46:15','index'),(0,'89.211.35.170','2011-09-02 13:46:29','init_board, level : novice'),(100002515460499,'81.93.6.24','2011-09-02 13:47:22','index'),(0,'81.93.6.24','2011-09-02 14:04:49','index'),(100002515460499,'81.93.6.24','2011-09-02 14:05:00','index'),(0,'69.171.242.249','2011-09-02 14:05:37','deauth'),(0,'69.171.242.249','2011-09-02 14:05:37','deauth : 100002515460499 / 69.171.242.249'),(0,'81.93.6.24','2011-09-02 14:07:47','index'),(100002515460499,'81.93.6.24','2011-09-02 14:16:37','index'),(0,'69.63.189.251','2011-09-02 14:18:41','deauth : 100002515460499'),(0,'81.93.6.24','2011-09-02 14:21:10','index'),(100002515460499,'81.93.6.24','2011-09-02 14:21:26','index'),(0,'91.178.174.196','2011-09-02 14:25:24','index'),(100002515460499,'81.93.6.24','2011-09-02 14:31:15','index'),(559788374,'81.93.6.24','2011-09-02 14:32:20','index'),(559788374,'81.93.6.24','2011-09-02 14:32:25','index'),(100000831236752,'88.174.247.229','2011-09-02 14:49:03','index'),(100000831236752,'88.174.247.229','2011-09-02 14:49:19','index'),(100000831236752,'88.174.247.229','2011-09-02 14:49:24','index'),(100000831236752,'88.174.247.229','2011-09-02 14:49:36','index'),(100000831236752,'88.174.247.229','2011-09-02 14:49:41','index'),(559788374,'81.93.6.24','2011-09-02 14:56:38','index'),(1278218843,'92.140.235.244','2011-09-02 15:00:38','index'),(1278218843,'92.140.235.244','2011-09-02 15:00:43','index'),(1278218843,'92.140.235.244','2011-09-02 15:00:50','init_board, level : maitre'),(1278218843,'92.140.235.244','2011-09-02 15:07:56','init_board, level : maitre'),(559788374,'81.93.6.24','2011-09-02 15:17:03','index'),(1278218843,'92.140.235.244','2011-09-02 15:17:05','init_board, level : maitre'),(559788374,'81.93.6.24','2011-09-02 15:17:10','index'),(100000831236752,'88.174.247.229','2011-09-02 15:25:25','index'),(100002515460499,'81.93.6.24','2011-09-02 15:26:25','index'),(559788374,'81.93.6.24','2011-09-02 15:26:58','index'),(559788374,'81.93.6.24','2011-09-02 15:27:56','index'),(559788374,'81.93.6.24','2011-09-02 15:29:25','index'),(0,'78.250.227.175','2011-09-02 17:06:58','index'),(0,'78.250.227.175','2011-09-02 17:07:10','index'),(0,'78.250.227.175','2011-09-02 17:07:31','index'),(0,'217.169.242.190','2011-09-02 17:26:07','index'),(0,'217.169.242.190','2011-09-02 17:26:42','index'),(100002892504366,'217.169.242.190','2011-09-02 17:26:54','index'),(100002892504366,'217.169.242.190','2011-09-02 17:27:24','index'),(100002892504366,'217.169.242.190','2011-09-02 17:27:29','index'),(100002892504366,'217.169.242.190','2011-09-02 17:28:14','init_board, level : normal'),(100002892504366,'217.169.242.190','2011-09-02 17:30:16','init_board, level : normal'),(100002892504366,'217.169.242.190','2011-09-02 17:31:28','init_board, level : normal'),(100002892504366,'217.169.242.190','2011-09-02 17:32:40','init_board, level : normal'),(100002892504366,'217.169.242.190','2011-09-02 17:33:24','init_board, level : 1'),(100002892504366,'217.169.242.190','2011-09-02 17:33:25','init_board, level : normal'),(100002892504366,'217.169.242.190','2011-09-02 17:33:49','init_board, level : normal'),(100002892504366,'217.169.242.190','2011-09-02 17:33:51','init_board, level : normal'),(100002892504366,'217.169.242.190','2011-09-02 17:34:08','init_board, level : normal'),(100002892504366,'217.169.242.190','2011-09-02 17:34:13','init_board, level : normal'),(100002892504366,'217.169.242.190','2011-09-02 17:36:26','init_board, level : normal'),(100002892504366,'217.169.242.190','2011-09-02 17:36:55','init_board, level : novice'),(100002892504366,'217.169.242.190','2011-09-02 17:37:18','init_board, level : novice'),(100002892504366,'217.169.242.190','2011-09-02 17:37:47','init_board, level : novice'),(100002892504366,'217.169.242.190','2011-09-02 17:38:19','init_board, level : novice'),(100002892504366,'217.169.242.190','2011-09-02 17:38:55','init_board, level : novice'),(100002892504366,'217.169.242.190','2011-09-02 17:39:41','init_board, level : novice'),(100002892504366,'217.169.242.190','2011-09-02 17:40:15','init_board, level : novice'),(100002892504366,'217.169.242.190','2011-09-02 17:41:29','init_board, level : novice'),(100002892504366,'217.169.242.190','2011-09-02 17:41:59','init_board, level : novice'),(100002892504366,'217.169.242.190','2011-09-02 17:42:29','init_board, level : novice'),(100002892504366,'217.169.242.190','2011-09-02 17:43:11','init_board, level : novice'),(100002892504366,'217.169.242.190','2011-09-02 17:43:58','init_board, level : novice'),(100002892504366,'217.169.242.190','2011-09-02 17:44:20','init_board, level : novice'),(100002892504366,'217.169.242.190','2011-09-02 17:44:43','init_board, level : novice'),(100002892504366,'217.169.242.190','2011-09-02 17:45:36','init_board, level : 1'),(100002892504366,'217.169.242.190','2011-09-02 17:45:55','init_board, level : 2'),(100002892504366,'217.169.242.190','2011-09-02 17:46:03','init_board, level : maitre'),(100002892504366,'217.169.242.190','2011-09-02 17:46:13','index'),(100002892504366,'217.169.242.190','2011-09-02 17:46:17','index'),(100002892504366,'217.169.242.190','2011-09-02 17:46:24','init_board, level : 1'),(100002892504366,'217.169.242.190','2011-09-02 17:47:16','index'),(100002892504366,'217.169.242.190','2011-09-02 17:47:22','index'),(100002892504366,'217.169.242.190','2011-09-02 17:47:47','init_board, level : novice'),(100002892504366,'217.169.242.190','2011-09-02 17:47:59','init_board, level : novice'),(100002892504366,'217.169.242.190','2011-09-02 17:48:29','init_board, level : novice'),(100002892504366,'217.169.242.190','2011-09-02 17:49:27','init_board, level : normal'),(100002892504366,'217.169.242.190','2011-09-02 17:49:42','init_board, level : normal'),(100002892504366,'217.169.242.190','2011-09-02 17:49:44','init_board, level : novice'),(100002892504366,'217.169.242.190','2011-09-02 17:49:57','init_board, level : normal'),(100002892504366,'217.169.242.190','2011-09-02 17:51:30','init_board, level : normal'),(100002892504366,'217.169.242.190','2011-09-02 17:52:04','init_board, level : novice'),(100002892504366,'217.169.242.190','2011-09-02 17:52:06','init_board, level : normal'),(100002892504366,'217.169.242.190','2011-09-02 17:52:09','init_board, level : novice'),(100002892504366,'217.169.242.190','2011-09-02 17:52:32','init_board, level : novice'),(100002892504366,'217.169.242.190','2011-09-02 17:53:01','init_board, level : normal'),(100002892504366,'217.169.242.190','2011-09-02 17:54:03','init_board, level : normal'),(100002892504366,'217.169.242.190','2011-09-02 17:54:25','init_board, level : normal'),(100002892504366,'217.169.242.190','2011-09-02 17:56:16','init_board, level : novice'),(100002892504366,'217.169.242.190','2011-09-02 17:56:51','index'),(100002892504366,'217.169.242.190','2011-09-02 17:56:56','index'),(100002892504366,'217.169.242.190','2011-09-02 17:57:08','init_board, level : normal'),(100002892504366,'217.169.242.190','2011-09-02 17:57:19','init_board, level : normal'),(100002892504366,'217.169.242.190','2011-09-02 17:58:55','init_board, level : normal'),(100002892504366,'217.169.242.190','2011-09-02 18:00:03','init_board, level : normal'),(100002892504366,'217.169.242.190','2011-09-02 18:00:59','init_board, level : novice'),(856335356,'80.119.66.223','2011-09-02 18:26:23','index'),(856335356,'80.119.66.223','2011-09-02 18:26:29','index'),(856335356,'80.119.66.223','2011-09-02 18:26:41','index'),(856335356,'80.119.66.223','2011-09-02 18:26:46','index'),(559788374,'81.93.6.24','2011-09-02 18:27:21','init_board, level : novice'),(559788374,'81.93.6.24','2011-09-02 18:27:41','init_board, level : novice'),(559788374,'81.93.6.24','2011-09-02 18:27:44','init_board, level : novice'),(559788374,'81.93.6.24','2011-09-02 18:27:47','init_board, level : novice'),(559788374,'81.93.6.24','2011-09-02 18:28:14','init_board, level : novice'),(856335356,'80.119.66.223','2011-09-02 18:28:29','init_board, level : normal'),(559788374,'81.93.6.24','2011-09-02 18:28:36','init_board, level : novice'),(856335356,'80.119.66.223','2011-09-02 18:29:28','init_board, level : normal'),(856335356,'80.119.66.223','2011-09-02 18:29:40','init_board, level : normal'),(856335356,'80.119.66.223','2011-09-02 18:30:39','init_board, level : normal'),(559788374,'81.93.6.24','2011-09-02 18:39:57','index'),(516542673,'88.171.193.133','2011-09-02 19:34:14','index'),(516542673,'88.171.193.133','2011-09-02 19:34:21','index'),(723805994,'82.238.132.169','2011-09-03 00:15:26','index'),(723805994,'82.238.132.169','2011-09-03 00:15:30','index'),(723805994,'82.238.132.169','2011-09-03 00:15:57','init_board, level : maitre'),(560335749,'83.114.145.73','2011-09-03 00:16:34','index'),(560335749,'83.114.145.73','2011-09-03 00:16:40','index'),(560335749,'83.114.145.73','2011-09-03 00:19:15','init_board, level : 1'),(560335749,'83.114.145.73','2011-09-03 00:19:41','init_board, level : 2'),(723805994,'82.238.132.169','2011-09-03 00:20:34','init_board, level : maitre'),(560335749,'83.114.145.73','2011-09-03 00:21:08','init_board, level : 3'),(560335749,'83.114.145.73','2011-09-03 00:22:17','init_board, level : 4'),(560335749,'83.114.145.73','2011-09-03 00:23:26','init_board, level : novice'),(560335749,'83.114.145.73','2011-09-03 00:25:21','init_board, level : novice'),(560335749,'83.114.145.73','2011-09-03 00:25:51','init_board, level : novice'),(559788374,'88.171.193.133','2011-09-03 00:48:31','index'),(559788374,'88.171.193.133','2011-09-03 00:48:36','index'),(559788374,'88.171.193.133','2011-09-03 00:50:00','init_board, level : maitre'),(559788374,'88.171.193.133','2011-09-03 00:56:36','init_board, level : maitre'),(723805994,'82.238.132.169','2011-09-03 01:08:15','index'),(723805994,'82.238.132.169','2011-09-03 01:08:20','index'),(723805994,'82.238.132.169','2011-09-03 01:08:35','init_board, level : maitre'),(0,'88.174.247.229','2011-09-03 09:39:07','index'),(0,'88.174.247.229','2011-09-03 09:39:08','index'),(0,'66.220.158.249','2011-09-03 14:13:17','deauth : 742834560'),(0,'88.174.247.229','2011-09-03 15:56:11','index'),(0,'88.174.247.229','2011-09-03 15:56:31','init_board, level : maitre'),(0,'80.119.66.206','2011-09-03 20:09:19','index'),(856335356,'80.119.66.206','2011-09-03 20:33:30','index'),(0,'88.174.247.229','2011-09-03 21:45:32','index'),(0,'88.171.193.133','2011-09-03 23:37:28','index'),(723805994,'82.238.132.169','2011-09-04 01:36:20','index'),(723805994,'82.238.132.169','2011-09-04 01:36:25','index'),(723805994,'82.238.132.169','2011-09-04 01:36:35','init_board, level : maitre'),(723805994,'82.238.132.169','2011-09-04 01:39:19','init_board, level : maitre'),(723805994,'82.238.132.169','2011-09-04 01:40:49','init_board, level : maitre'),(723805994,'82.238.132.169','2011-09-04 01:44:07','init_board, level : maitre'),(723805994,'82.238.132.169','2011-09-04 01:44:39','index'),(723805994,'82.238.132.169','2011-09-04 01:44:43','index'),(0,'88.171.193.133','2011-09-04 12:04:47','index'),(559788374,'88.171.193.133','2011-09-04 12:17:23','index'),(559788374,'88.171.193.133','2011-09-04 12:17:28','index'),(100000831236752,'88.174.247.229','2011-09-04 13:09:04','index'),(100000831236752,'88.174.247.229','2011-09-04 13:09:10','index'),(100000831236752,'88.174.247.229','2011-09-04 13:25:42','index'),(100000831236752,'88.174.247.229','2011-09-04 14:52:39','index'),(100000831236752,'88.174.247.229','2011-09-04 14:56:26','index'),(0,'83.152.191.7','2011-09-04 15:14:09','index'),(1253681478,'88.171.193.133','2011-09-04 18:40:29','index'),(1253681478,'88.171.193.133','2011-09-04 18:40:36','index'),(1253681478,'88.171.193.133','2011-09-04 18:40:55','init_board, level : novice'),(1253681478,'88.171.193.133','2011-09-04 18:41:40','init_board, level : novice'),(1253681478,'88.171.193.133','2011-09-04 18:43:16','init_board, level : novice'),(1253681478,'88.171.193.133','2011-09-04 18:43:51','init_board, level : novice'),(1253681478,'88.171.193.133','2011-09-04 18:44:33','init_board, level : novice'),(1253681478,'88.171.193.133','2011-09-04 18:45:16','init_board, level : novice'),(1253681478,'88.171.193.133','2011-09-04 18:45:52','init_board, level : novice'),(1253681478,'88.171.193.133','2011-09-04 18:46:24','init_board, level : novice'),(1253681478,'88.171.193.133','2011-09-04 18:47:00','init_board, level : novice'),(1253681478,'88.171.193.133','2011-09-04 18:48:09','init_board, level : novice'),(1253681478,'88.171.193.133','2011-09-04 18:48:13','init_board, level : normal'),(1253681478,'88.171.193.133','2011-09-04 18:50:06','init_board, level : normal'),(1253681478,'88.171.193.133','2011-09-04 18:51:50','init_board, level : normal'),(1253681478,'88.171.193.133','2011-09-04 18:53:51','init_board, level : normal'),(1253681478,'88.171.193.133','2011-09-04 18:56:09','init_board, level : normal'),(1253681478,'88.171.193.133','2011-09-04 18:57:55','init_board, level : normal'),(1253681478,'88.171.193.133','2011-09-04 18:59:17','init_board, level : normal'),(1253681478,'88.171.193.133','2011-09-04 19:00:29','init_board, level : normal'),(1253681478,'88.171.193.133','2011-09-04 19:02:18','init_board, level : normal'),(1253681478,'88.171.193.133','2011-09-04 19:03:22','init_board, level : normal'),(1253681478,'88.171.193.133','2011-09-04 19:05:50','init_board, level : normal'),(1253681478,'88.171.193.133','2011-09-04 19:07:08','init_board, level : normal'),(1253681478,'88.171.193.133','2011-09-04 19:08:47','init_board, level : normal'),(1253681478,'88.171.193.133','2011-09-04 19:09:55','init_board, level : normal'),(1253681478,'88.171.193.133','2011-09-04 19:11:23','init_board, level : normal'),(1253681478,'88.171.193.133','2011-09-04 19:12:44','init_board, level : normal'),(1253681478,'88.171.193.133','2011-09-04 19:13:55','init_board, level : normal'),(1253681478,'88.171.193.133','2011-09-04 19:15:33','init_board, level : normal'),(1253681478,'88.171.193.133','2011-09-04 19:16:36','init_board, level : normal'),(1253681478,'88.171.193.133','2011-09-04 19:18:00','init_board, level : normal'),(1253681478,'88.171.193.133','2011-09-04 19:19:25','init_board, level : normal'),(1253681478,'88.171.193.133','2011-09-04 19:21:02','init_board, level : normal'),(1253681478,'88.171.193.133','2011-09-04 19:22:31','init_board, level : normal'),(1253681478,'88.171.193.133','2011-09-04 19:24:22','init_board, level : normal'),(1253681478,'88.171.193.133','2011-09-04 19:27:51','init_board, level : normal'),(1253681478,'88.171.193.133','2011-09-04 19:29:37','init_board, level : normal'),(1253681478,'88.171.193.133','2011-09-04 19:31:08','init_board, level : normal'),(1253681478,'88.171.193.133','2011-09-04 19:33:03','init_board, level : normal'),(1253681478,'88.171.193.133','2011-09-04 19:34:29','init_board, level : normal'),(1253681478,'88.171.193.133','2011-09-04 19:36:23','init_board, level : normal'),(1253681478,'88.171.193.133','2011-09-04 19:37:56','init_board, level : normal'),(1253681478,'88.171.193.133','2011-09-04 19:39:19','init_board, level : normal'),(1253681478,'88.171.193.133','2011-09-04 19:41:40','init_board, level : normal'),(0,'88.171.193.133','2011-09-04 20:15:45','index'),(0,'88.171.193.133','2011-09-04 20:36:44','index'),(559788374,'88.171.193.133','2011-09-04 22:50:22','index'),(559788374,'88.171.193.133','2011-09-04 22:50:27','index'),(559788374,'88.171.193.133','2011-09-04 22:50:38','init_board, level : maitre'),(559788374,'88.171.193.133','2011-09-04 23:14:49','init_board, level : normal'),(559788374,'88.171.193.133','2011-09-04 23:16:04','init_board, level : normal'),(559788374,'88.171.193.133','2011-09-04 23:17:07','init_board, level : normal'),(559788374,'88.171.193.133','2011-09-04 23:18:02','init_board, level : normal'),(559788374,'88.171.193.133','2011-09-04 23:18:52','init_board, level : normal'),(559788374,'88.171.193.133','2011-09-04 23:19:09','init_board, level : normal'),(559788374,'88.171.193.133','2011-09-04 23:19:14','init_board, level : normal'),(559788374,'88.171.193.133','2011-09-04 23:22:00','init_board, level : normal'),(559788374,'88.171.193.133','2011-09-04 23:22:04','init_board, level : normal'),(559788374,'88.171.193.133','2011-09-04 23:23:40','init_board, level : normal'),(559788374,'88.171.193.133','2011-09-04 23:24:26','init_board, level : normal'),(559788374,'88.171.193.133','2011-09-04 23:25:25','init_board, level : normal'),(559788374,'88.171.193.133','2011-09-04 23:26:17','init_board, level : normal'),(559788374,'88.171.193.133','2011-09-04 23:30:48','index'),(559788374,'88.171.193.133','2011-09-04 23:30:54','index'),(559788374,'88.171.193.133','2011-09-05 00:14:29','init_board, level : novice'),(559788374,'88.171.193.133','2011-09-05 00:14:34','init_board, level : normal'),(559788374,'88.171.193.133','2011-09-05 00:15:24','init_board, level : normal'),(559788374,'88.171.193.133','2011-09-05 00:16:15','init_board, level : normal'),(559788374,'88.171.193.133','2011-09-05 00:17:13','init_board, level : normal'),(559788374,'88.171.193.133','2011-09-05 00:18:02','init_board, level : normal'),(559788374,'88.171.193.133','2011-09-05 00:19:00','init_board, level : normal'),(0,'88.174.247.229','2011-09-05 08:12:58','index'),(0,'88.174.247.229','2011-09-05 09:00:22','index'),(0,'88.171.193.133','2011-09-05 09:14:10','index'),(559788374,'88.171.193.133','2011-09-05 09:33:35','index'),(559788374,'88.171.193.133','2011-09-05 09:33:40','index'),(559788374,'88.171.193.133','2011-09-05 09:34:04','init_board, level : novice'),(559788374,'88.171.193.133','2011-09-05 09:34:06','init_board, level : normal'),(559788374,'88.171.193.133','2011-09-05 09:34:51','init_board, level : normal'),(559788374,'88.171.193.133','2011-09-05 09:34:54','init_board, level : normal'),(559788374,'88.171.193.133','2011-09-05 09:36:01','init_board, level : normal'),(559788374,'88.171.193.133','2011-09-05 09:36:42','init_board, level : normal'),(559788374,'88.171.193.133','2011-09-05 09:36:49','init_board, level : normal'),(559788374,'88.171.193.133','2011-09-05 09:37:35','init_board, level : normal'),(559788374,'88.171.193.133','2011-09-05 09:38:30','init_board, level : normal'),(559788374,'88.171.193.133','2011-09-05 09:39:09','init_board, level : normal'),(0,'217.169.242.190','2011-09-05 09:39:51','index'),(559788374,'88.171.193.133','2011-09-05 09:39:58','init_board, level : normal'),(559788374,'88.171.193.133','2011-09-05 09:41:28','init_board, level : normal'),(559788374,'88.171.193.133','2011-09-05 09:42:10','init_board, level : normal'),(559788374,'88.171.193.133','2011-09-05 09:42:18','init_board, level : normal'),(559788374,'88.171.193.133','2011-09-05 09:43:26','init_board, level : normal'),(559788374,'88.171.193.133','2011-09-05 09:43:36','index'),(100000831236752,'88.174.247.229','2011-09-05 09:48:00','index'),(100000831236752,'88.174.247.229','2011-09-05 09:48:05','index'),(100000831236752,'88.174.247.229','2011-09-05 09:48:16','index'),(100000831236752,'88.174.247.229','2011-09-05 09:48:24','index'),(100000831236752,'88.174.247.229','2011-09-05 09:49:10','index'),(100002892504366,'217.169.242.190','2011-09-05 10:04:03','index'),(100002892504366,'217.169.242.190','2011-09-05 10:04:07','index'),(100002892504366,'217.169.242.190','2011-09-05 10:49:41','init_board, level : novice'),(100002892504366,'217.169.242.190','2011-09-05 10:50:39','init_board, level : novice'),(100002892504366,'217.169.242.190','2011-09-05 10:50:42','init_board, level : novice'),(100002892504366,'217.169.242.190','2011-09-05 10:50:44','init_board, level : novice'),(100002892504366,'217.169.242.190','2011-09-05 10:51:18','init_board, level : novice'),(100002892504366,'217.169.242.190','2011-09-05 10:51:20','init_board, level : novice'),(100002892504366,'217.169.242.190','2011-09-05 10:52:01','init_board, level : novice'),(100002892504366,'217.169.242.190','2011-09-05 10:52:19','init_board, level : novice'),(100002892504366,'217.169.242.190','2011-09-05 10:52:24','init_board, level : novice'),(100002892504366,'217.169.242.190','2011-09-05 10:52:26','init_board, level : novice'),(100002892504366,'217.169.242.190','2011-09-05 10:52:28','init_board, level : novice'),(100002892504366,'217.169.242.190','2011-09-05 10:52:30','init_board, level : novice'),(100002892504366,'217.169.242.190','2011-09-05 10:52:31','init_board, level : novice'),(100002892504366,'217.169.242.190','2011-09-05 10:52:32','init_board, level : novice'),(100002892504366,'217.169.242.190','2011-09-05 10:52:33','init_board, level : novice'),(100002892504366,'217.169.242.190','2011-09-05 10:52:35','init_board, level : novice'),(100002892504366,'217.169.242.190','2011-09-05 10:52:36','init_board, level : novice'),(100002892504366,'217.169.242.190','2011-09-05 10:52:37','init_board, level : novice'),(100002892504366,'217.169.242.190','2011-09-05 10:52:38','init_board, level : novice'),(100002892504366,'217.169.242.190','2011-09-05 10:52:39','init_board, level : novice'),(100002892504366,'217.169.242.190','2011-09-05 10:52:42','init_board, level : novice'),(100002892504366,'217.169.242.190','2011-09-05 10:52:44','init_board, level : novice'),(100002892504366,'217.169.242.190','2011-09-05 10:52:46','init_board, level : novice'),(100002892504366,'217.169.242.190','2011-09-05 10:52:50','init_board, level : novice'),(100002892504366,'217.169.242.190','2011-09-05 10:52:51','init_board, level : novice'),(100002892504366,'217.169.242.190','2011-09-05 10:52:52','init_board, level : novice'),(100002892504366,'217.169.242.190','2011-09-05 10:52:55','init_board, level : novice'),(100002892504366,'217.169.242.190','2011-09-05 10:52:58','init_board, level : novice'),(100002892504366,'217.169.242.190','2011-09-05 10:52:59','init_board, level : novice'),(100002892504366,'217.169.242.190','2011-09-05 10:53:02','init_board, level : novice'),(100002892504366,'217.169.242.190','2011-09-05 10:53:03','init_board, level : novice'),(100002892504366,'217.169.242.190','2011-09-05 10:53:06','init_board, level : novice'),(100002892504366,'217.169.242.190','2011-09-05 10:53:10','init_board, level : novice'),(100002892504366,'217.169.242.190','2011-09-05 10:53:12','init_board, level : novice'),(100002892504366,'217.169.242.190','2011-09-05 10:53:15','init_board, level : novice'),(100002892504366,'217.169.242.190','2011-09-05 10:53:16','init_board, level : novice'),(100002892504366,'217.169.242.190','2011-09-05 10:53:17','init_board, level : novice'),(100002892504366,'217.169.242.190','2011-09-05 10:53:22','init_board, level : novice'),(100002892504366,'217.169.242.190','2011-09-05 10:53:57','init_board, level : novice'),(100002892504366,'217.169.242.190','2011-09-05 10:53:59','init_board, level : novice'),(100002892504366,'217.169.242.190','2011-09-05 10:54:00','init_board, level : novice'),(100002892504366,'217.169.242.190','2011-09-05 10:54:05','init_board, level : novice'),(100002892504366,'217.169.242.190','2011-09-05 10:54:09','init_board, level : novice'),(100002892504366,'217.169.242.190','2011-09-05 11:08:02','init_board, level : novice'),(100002892504366,'217.169.242.190','2011-09-05 11:08:34','init_board, level : novice'),(100002892504366,'217.169.242.190','2011-09-05 11:09:18','init_board, level : novice'),(100002892504366,'217.169.242.190','2011-09-05 11:09:32','init_board, level : novice'),(100002892504366,'217.169.242.190','2011-09-05 11:09:35','init_board, level : novice'),(100002892504366,'217.169.242.190','2011-09-05 11:09:52','init_board, level : novice'),(100002892504366,'217.169.242.190','2011-09-05 11:10:15','init_board, level : novice'),(100002892504366,'217.169.242.190','2011-09-05 11:10:23','init_board, level : novice'),(100002892504366,'217.169.242.190','2011-09-05 11:10:25','init_board, level : novice'),(100002892504366,'217.169.242.190','2011-09-05 11:10:27','init_board, level : novice'),(100002892504366,'217.169.242.190','2011-09-05 11:10:28','init_board, level : novice'),(100002892504366,'217.169.242.190','2011-09-05 11:10:34','init_board, level : novice'),(100002892504366,'217.169.242.190','2011-09-05 11:10:36','init_board, level : novice'),(100002892504366,'217.169.242.190','2011-09-05 11:10:37','init_board, level : novice'),(100002892504366,'217.169.242.190','2011-09-05 11:10:39','init_board, level : novice'),(100002892504366,'217.169.242.190','2011-09-05 11:10:40','init_board, level : novice'),(100002892504366,'217.169.242.190','2011-09-05 11:10:41','init_board, level : novice'),(100002892504366,'217.169.242.190','2011-09-05 11:10:43','init_board, level : novice'),(100002892504366,'217.169.242.190','2011-09-05 11:10:45','init_board, level : novice'),(100002892504366,'217.169.242.190','2011-09-05 11:10:46','init_board, level : novice'),(100002892504366,'217.169.242.190','2011-09-05 11:10:47','init_board, level : novice'),(100002892504366,'217.169.242.190','2011-09-05 11:10:47','init_board, level : novice'),(100002892504366,'217.169.242.190','2011-09-05 11:10:49','init_board, level : novice'),(100002892504366,'217.169.242.190','2011-09-05 11:10:51','init_board, level : novice'),(100002892504366,'217.169.242.190','2011-09-05 11:10:52','init_board, level : novice'),(100002892504366,'217.169.242.190','2011-09-05 11:10:54','init_board, level : novice'),(100002892504366,'217.169.242.190','2011-09-05 11:10:56','init_board, level : novice'),(100002892504366,'217.169.242.190','2011-09-05 11:11:05','init_board, level : novice'),(100002892504366,'217.169.242.190','2011-09-05 11:11:07','init_board, level : novice'),(100002892504366,'217.169.242.190','2011-09-05 11:11:08','init_board, level : novice'),(100002892504366,'217.169.242.190','2011-09-05 11:11:49','init_board, level : novice'),(100002892504366,'217.169.242.190','2011-09-05 11:11:51','init_board, level : novice'),(100002892504366,'217.169.242.190','2011-09-05 11:11:52','init_board, level : novice'),(0,'78.114.134.25','2011-09-05 11:22:30','index'),(100000831236752,'88.174.247.229','2011-09-05 11:51:04','index'),(100000831236752,'88.174.247.229','2011-09-05 11:51:23','index'),(559788374,'88.171.193.133','2011-09-05 14:00:23','index'),(559788374,'88.171.193.133','2011-09-05 14:00:28','index'),(559788374,'88.171.193.133','2011-09-05 14:00:35','init_board, level : expert'),(559788374,'88.171.193.133','2011-09-05 14:03:18','init_board, level : expert'),(559788374,'88.171.193.133','2011-09-05 14:05:51','init_board, level : expert'),(559788374,'88.171.193.133','2011-09-05 14:06:10','init_board, level : expert'),(559788374,'88.171.193.133','2011-09-05 14:06:13','init_board, level : expert'),(559788374,'88.171.193.133','2011-09-05 14:18:05','init_board, level : expert'),(559788374,'88.171.193.133','2011-09-05 14:18:09','init_board, level : expert'),(559788374,'88.171.193.133','2011-09-05 14:20:30','init_board, level : expert'),(559788374,'88.171.193.133','2011-09-05 14:20:40','init_board, level : expert'),(559788374,'88.171.193.133','2011-09-05 14:29:05','init_board, level : expert'),(559788374,'88.171.193.133','2011-09-05 14:29:08','init_board, level : expert'),(559788374,'88.171.193.133','2011-09-05 14:29:11','init_board, level : expert'),(559788374,'88.171.193.133','2011-09-05 14:31:20','index'),(100000831236752,'88.174.247.229','2011-09-05 15:08:53','index'),(0,'217.169.242.190','2011-09-05 16:12:54','index'),(100002892504366,'217.169.242.190','2011-09-05 16:12:57','index'),(100002892504366,'217.169.242.190','2011-09-05 16:13:02','index'),(100002892504366,'217.169.242.190','2011-09-05 16:38:29','init_board, level : novice'),(100002892504366,'217.169.242.190','2011-09-05 16:38:32','init_board, level : novice'),(100002892504366,'217.169.242.190','2011-09-05 16:38:34','init_board, level : novice'),(100002892504366,'217.169.242.190','2011-09-05 16:38:35','init_board, level : novice'),(100002892504366,'217.169.242.190','2011-09-05 16:38:44','init_board, level : novice'),(100002892504366,'217.169.242.190','2011-09-05 16:38:47','init_board, level : novice'),(100002892504366,'217.169.242.190','2011-09-05 16:38:55','init_board, level : novice'),(100002892504366,'217.169.242.190','2011-09-05 16:38:56','init_board, level : novice'),(100002892504366,'217.169.242.190','2011-09-05 16:38:57','init_board, level : novice'),(100002892504366,'217.169.242.190','2011-09-05 16:38:57','init_board, level : novice'),(100002892504366,'217.169.242.190','2011-09-05 16:39:32','init_board, level : novice'),(100002892504366,'217.169.242.190','2011-09-05 16:39:34','init_board, level : novice'),(100002892504366,'217.169.242.190','2011-09-05 16:39:35','init_board, level : novice'),(100002892504366,'217.169.242.190','2011-09-05 16:39:37','init_board, level : novice'),(100002892504366,'217.169.242.190','2011-09-05 16:39:56','init_board, level : normal'),(100002892504366,'217.169.242.190','2011-09-05 17:19:36','index'),(100002892504366,'217.169.242.190','2011-09-05 17:19:41','index'),(100002892504366,'217.169.242.190','2011-09-05 17:20:43','init_board, level : normal'),(100002892504366,'217.169.242.190','2011-09-05 17:22:03','init_board, level : normal'),(100002892504366,'217.169.242.190','2011-09-05 17:22:59','init_board, level : novice'),(100002892504366,'217.169.242.190','2011-09-05 17:23:01','init_board, level : normal'),(100002892504366,'217.169.242.190','2011-09-05 17:23:03','init_board, level : normal'),(100002892504366,'217.169.242.190','2011-09-05 17:23:23','init_board, level : normal'),(100002892504366,'217.169.242.190','2011-09-05 17:23:29','init_board, level : normal'),(100002892504366,'217.169.242.190','2011-09-05 17:24:27','init_board, level : normal'),(100002892504366,'217.169.242.190','2011-09-05 17:24:30','init_board, level : normal'),(100002892504366,'217.169.242.190','2011-09-05 17:24:32','init_board, level : normal'),(100002892504366,'217.169.242.190','2011-09-05 17:24:34','init_board, level : normal'),(100002892504366,'217.169.242.190','2011-09-05 17:24:37','init_board, level : normal'),(100002892504366,'217.169.242.190','2011-09-05 17:24:39','init_board, level : normal'),(100002892504366,'217.169.242.190','2011-09-05 17:24:40','init_board, level : normal'),(700462033,'78.225.164.81','2011-09-05 18:24:03','index'),(700462033,'78.225.164.81','2011-09-05 18:24:08','index'),(0,'78.226.13.199','2011-09-05 21:18:29','index'),(0,'78.226.13.199','2011-09-05 21:18:58','init_board, level : 1'),(0,'78.226.13.199','2011-09-05 21:19:19','init_board, level : 2'),(100000831236752,'88.174.247.229','2011-09-05 22:21:38','index'),(100000831236752,'88.174.247.229','2011-09-05 22:21:44','index'),(0,'78.231.227.101','2011-09-05 22:45:28','index'),(100000831236752,'88.174.247.229','2011-09-05 23:27:21','index'),(100000831236752,'88.174.247.229','2011-09-05 23:27:25','index'),(100000831236752,'88.174.247.229','2011-09-05 23:32:00','init_board, level : expert'),(100000831236752,'88.174.247.229','2011-09-05 23:32:10','init_board, level : expert'),(100000831236752,'88.174.247.229','2011-09-05 23:36:58','init_board, level : expert'),(100000831236752,'88.174.247.229','2011-09-05 23:39:39','init_board, level : expert'),(100000831236752,'88.174.247.229','2011-09-05 23:41:15','init_board, level : expert'),(100000831236752,'88.174.247.229','2011-09-05 23:41:19','init_board, level : expert'),(100000831236752,'88.174.247.229','2011-09-05 23:41:26','init_board, level : expert'),(100000831236752,'88.174.247.229','2011-09-05 23:43:39','init_board, level : expert'),(100000831236752,'88.174.247.229','2011-09-05 23:43:47','init_board, level : novice'),(100000831236752,'88.174.247.229','2011-09-05 23:44:19','init_board, level : novice'),(100000831236752,'88.174.247.229','2011-09-05 23:44:26','init_board, level : novice'),(100000831236752,'88.174.247.229','2011-09-05 23:44:48','init_board, level : novice'),(100000831236752,'88.174.247.229','2011-09-05 23:44:52','init_board, level : novice'),(100000831236752,'88.174.247.229','2011-09-05 23:45:13','init_board, level : novice'),(100000831236752,'88.174.247.229','2011-09-05 23:45:32','init_board, level : expert'),(100000831236752,'88.174.247.229','2011-09-05 23:45:37','init_board, level : expert'),(100000831236752,'88.174.247.229','2011-09-05 23:45:40','init_board, level : expert'),(100000831236752,'88.174.247.229','2011-09-05 23:46:07','index'),(100000831236752,'88.174.247.229','2011-09-06 09:08:36','index'),(100000831236752,'88.174.247.229','2011-09-06 09:08:50','index'),(559788374,'88.171.193.133','2011-09-06 12:40:55','index'),(559788374,'88.171.193.133','2011-09-06 12:41:00','index'),(559788374,'88.171.193.133','2011-09-06 12:41:07','init_board, level : expert'),(559788374,'88.171.193.133','2011-09-06 12:41:11','init_board, level : normal'),(559788374,'88.171.193.133','2011-09-06 12:42:23','init_board, level : normal'),(559788374,'88.171.193.133','2011-09-06 12:42:27','init_board, level : normal'),(559788374,'88.171.193.133','2011-09-06 12:43:04','init_board, level : normal'),(559788374,'88.171.193.133','2011-09-06 12:43:41','init_board, level : normal'),(559788374,'88.171.193.133','2011-09-06 12:43:45','init_board, level : normal'),(559788374,'88.171.193.133','2011-09-06 12:44:37','init_board, level : normal'),(559788374,'88.171.193.133','2011-09-06 12:45:11','init_board, level : normal'),(559788374,'88.171.193.133','2011-09-06 12:45:14','init_board, level : normal'),(0,'87.91.72.240','2011-09-06 13:13:50','index'),(0,'217.169.242.190','2011-09-06 13:45:00','index'),(100002892504366,'217.169.242.190','2011-09-06 13:45:28','index'),(100002892504366,'217.169.242.190','2011-09-06 13:45:54','index'),(100002892504366,'217.169.242.190','2011-09-06 14:02:35','init_board, level : novice'),(100002892504366,'217.169.242.190','2011-09-06 14:02:46','init_board, level : novice'),(100002892504366,'217.169.242.190','2011-09-06 14:02:48','init_board, level : novice'),(100002892504366,'217.169.242.190','2011-09-06 14:02:49','init_board, level : novice'),(100002892504366,'217.169.242.190','2011-09-06 14:02:50','init_board, level : novice'),(100002892504366,'217.169.242.190','2011-09-06 14:02:50','init_board, level : novice'),(100002892504366,'217.169.242.190','2011-09-06 14:02:52','init_board, level : novice'),(100002892504366,'217.169.242.190','2011-09-06 14:02:54','init_board, level : novice'),(100002892504366,'217.169.242.190','2011-09-06 14:02:55','init_board, level : novice'),(100002892504366,'217.169.242.190','2011-09-06 14:02:57','init_board, level : novice'),(100002892504366,'217.169.242.190','2011-09-06 14:02:59','init_board, level : novice'),(100002892504366,'217.169.242.190','2011-09-06 14:03:54','init_board, level : novice'),(100002892504366,'217.169.242.190','2011-09-06 14:03:58','init_board, level : novice'),(100002892504366,'217.169.242.190','2011-09-06 14:03:59','init_board, level : novice'),(100002892504366,'217.169.242.190','2011-09-06 14:04:03','init_board, level : novice'),(100002892504366,'217.169.242.190','2011-09-06 14:04:14','init_board, level : novice'),(100002892504366,'217.169.242.190','2011-09-06 14:04:15','init_board, level : novice'),(100002892504366,'217.169.242.190','2011-09-06 14:04:22','init_board, level : novice'),(100002892504366,'217.169.242.190','2011-09-06 14:04:23','init_board, level : novice'),(100002892504366,'217.169.242.190','2011-09-06 14:04:24','init_board, level : novice'),(100002892504366,'217.169.242.190','2011-09-06 14:04:59','init_board, level : novice'),(100002892504366,'217.169.242.190','2011-09-06 14:05:01','init_board, level : normal'),(100002892504366,'217.169.242.190','2011-09-06 14:05:11','init_board, level : normal'),(100002892504366,'217.169.242.190','2011-09-06 14:05:15','init_board, level : normal'),(100002892504366,'217.169.242.190','2011-09-06 14:05:17','init_board, level : normal'),(0,'193.49.161.188','2011-09-06 16:07:20','index'),(0,'193.49.161.188','2011-09-06 16:09:33','init_board, level : 1'),(0,'193.49.161.188','2011-09-06 16:09:53','init_board, level : 2'),(0,'193.49.161.188','2011-09-06 16:10:42','init_board, level : 3'),(0,'193.49.161.188','2011-09-06 16:11:42','init_board, level : 4'),(100002892504366,'217.169.242.190','2011-09-06 17:16:48','index'),(100002892504366,'217.169.242.190','2011-09-06 17:17:12','index'),(100002892504366,'217.169.242.190','2011-09-06 17:17:16','init_board, level : novice'),(100002892504366,'217.169.242.190','2011-09-06 17:17:23','init_board, level : novice'),(100002892504366,'217.169.242.190','2011-09-06 17:17:24','init_board, level : novice'),(100002892504366,'217.169.242.190','2011-09-06 17:17:46','init_board, level : novice'),(100002892504366,'217.169.242.190','2011-09-06 17:18:21','init_board, level : novice'),(100002892504366,'217.169.242.190','2011-09-06 17:18:23','init_board, level : novice'),(100002892504366,'217.169.242.190','2011-09-06 17:18:25','init_board, level : novice'),(100002892504366,'217.169.242.190','2011-09-06 17:18:28','init_board, level : novice'),(100002892504366,'217.169.242.190','2011-09-06 17:18:29','init_board, level : novice'),(100002892504366,'217.169.242.190','2011-09-06 17:18:30','init_board, level : novice'),(100002892504366,'217.169.242.190','2011-09-06 17:18:31','init_board, level : novice'),(100002892504366,'217.169.242.190','2011-09-06 17:18:32','init_board, level : novice'),(100002892504366,'217.169.242.190','2011-09-06 17:18:34','init_board, level : novice'),(100002892504366,'217.169.242.190','2011-09-06 17:19:12','init_board, level : novice'),(100002892504366,'217.169.242.190','2011-09-06 17:19:21','init_board, level : novice'),(100002892504366,'217.169.242.190','2011-09-06 17:19:51','init_board, level : novice'),(100002892504366,'217.169.242.190','2011-09-06 17:19:52','init_board, level : novice'),(100002892504366,'217.169.242.190','2011-09-06 17:19:54','init_board, level : novice'),(100002892504366,'217.169.242.190','2011-09-06 17:19:58','init_board, level : novice'),(100002892504366,'217.169.242.190','2011-09-06 17:19:59','init_board, level : novice'),(100002892504366,'217.169.242.190','2011-09-06 17:20:00','init_board, level : novice'),(100002892504366,'217.169.242.190','2011-09-06 17:20:02','init_board, level : novice'),(100002892504366,'217.169.242.190','2011-09-06 17:20:03','init_board, level : novice'),(100002892504366,'217.169.242.190','2011-09-06 17:20:05','init_board, level : novice'),(100002892504366,'217.169.242.190','2011-09-06 17:20:06','init_board, level : novice'),(100002892504366,'217.169.242.190','2011-09-06 17:20:07','init_board, level : novice'),(100002892504366,'217.169.242.190','2011-09-06 17:20:10','init_board, level : novice'),(100002892504366,'217.169.242.190','2011-09-06 17:20:12','init_board, level : novice'),(100002892504366,'217.169.242.190','2011-09-06 17:20:15','init_board, level : novice'),(100002892504366,'217.169.242.190','2011-09-06 17:20:16','init_board, level : novice'),(100002892504366,'217.169.242.190','2011-09-06 17:20:19','init_board, level : novice'),(100002892504366,'217.169.242.190','2011-09-06 17:20:22','init_board, level : novice'),(100002892504366,'217.169.242.190','2011-09-06 17:20:23','init_board, level : novice'),(100002892504366,'217.169.242.190','2011-09-06 17:21:01','init_board, level : novice'),(100002892504366,'217.169.242.190','2011-09-06 17:21:02','init_board, level : novice'),(100002892504366,'217.169.242.190','2011-09-06 17:21:03','init_board, level : novice'),(100002892504366,'217.169.242.190','2011-09-06 17:21:04','init_board, level : novice'),(100002892504366,'217.169.242.190','2011-09-06 17:21:09','init_board, level : novice'),(100002892504366,'217.169.242.190','2011-09-06 17:21:09','init_board, level : novice'),(100002892504366,'217.169.242.190','2011-09-06 17:21:11','init_board, level : novice'),(100002892504366,'217.169.242.190','2011-09-06 17:21:12','init_board, level : novice'),(100002892504366,'217.169.242.190','2011-09-06 17:21:13','init_board, level : novice'),(100002892504366,'217.169.242.190','2011-09-06 17:21:14','init_board, level : novice'),(100002892504366,'217.169.242.190','2011-09-06 17:21:15','init_board, level : novice'),(100002892504366,'217.169.242.190','2011-09-06 17:21:16','init_board, level : novice'),(100002892504366,'217.169.242.190','2011-09-06 17:21:18','init_board, level : novice'),(100002892504366,'217.169.242.190','2011-09-06 17:21:19','init_board, level : novice'),(100002892504366,'217.169.242.190','2011-09-06 17:21:23','init_board, level : novice'),(100002892504366,'217.169.242.190','2011-09-06 17:21:24','init_board, level : novice'),(100002892504366,'217.169.242.190','2011-09-06 17:21:25','init_board, level : novice'),(100002892504366,'217.169.242.190','2011-09-06 17:21:26','init_board, level : novice'),(100002892504366,'217.169.242.190','2011-09-06 17:21:27','init_board, level : novice'),(100002892504366,'217.169.242.190','2011-09-06 17:21:28','init_board, level : novice'),(100002892504366,'217.169.242.190','2011-09-06 17:21:37','init_board, level : novice'),(100002892504366,'217.169.242.190','2011-09-06 17:21:39','init_board, level : novice'),(100002892504366,'217.169.242.190','2011-09-06 17:21:40','init_board, level : novice'),(100002892504366,'217.169.242.190','2011-09-06 17:21:41','init_board, level : novice'),(100002892504366,'217.169.242.190','2011-09-06 17:21:45','init_board, level : novice'),(100002892504366,'217.169.242.190','2011-09-06 17:21:48','init_board, level : novice'),(100002892504366,'217.169.242.190','2011-09-06 17:21:52','init_board, level : novice'),(100002892504366,'217.169.242.190','2011-09-06 17:22:28','init_board, level : normal'),(100002892504366,'217.169.242.190','2011-09-06 17:22:32','init_board, level : expert'),(100000831236752,'88.174.247.229','2011-09-06 18:44:32','init_board, level : 1'),(100000831236752,'88.174.247.229','2011-09-06 18:45:07','init_board, level : novice'),(1253681478,'88.171.193.133','2011-09-06 22:39:17','index'),(1253681478,'88.171.193.133','2011-09-06 22:39:24','index'),(0,'88.171.193.133','2011-09-06 23:35:45','index'),(0,'88.174.247.229','2011-09-07 09:22:35','index'),(559788374,'81.93.6.24','2011-09-07 11:53:49','index'),(559788374,'81.93.6.24','2011-09-07 11:53:56','index'),(559788374,'81.93.6.24','2011-09-07 11:54:11','init_board, level : expert'),(559788374,'81.93.6.24','2011-09-07 11:54:14','init_board, level : expert'),(559788374,'81.93.6.24','2011-09-07 11:54:18','init_board, level : expert'),(100000831236752,'88.174.247.229','2011-09-07 13:18:23','index'),(100000831236752,'88.174.247.229','2011-09-07 13:18:28','index'),(100000831236752,'88.174.247.229','2011-09-07 13:21:34','init_board, level : normal'),(100000831236752,'88.174.247.229','2011-09-07 13:22:45','init_board, level : normal'),(100000831236752,'88.174.247.229','2011-09-07 13:22:52','init_board, level : maitre'),(100000831236752,'88.174.247.229','2011-09-07 13:22:53','init_board, level : maitre'),(100000831236752,'88.174.247.229','2011-09-07 13:27:05','init_board, level : maitre'),(100000831236752,'88.174.247.229','2011-09-07 13:32:22','init_board, level : maitre'),(100000831236752,'88.174.247.229','2011-09-07 13:39:33','init_board, level : maitre'),(559788374,'81.93.6.24','2011-09-07 13:42:26','index'),(100000831236752,'88.174.247.229','2011-09-07 13:47:42','init_board, level : maitre'),(100000831236752,'88.174.247.229','2011-09-07 13:48:18','init_board, level : maitre'),(100000831236752,'88.174.247.229','2011-09-07 13:54:25','init_board, level : maitre'),(100000831236752,'88.174.247.229','2011-09-07 13:54:37','init_board, level : maitre'),(100000831236752,'88.174.247.229','2011-09-07 13:57:20','init_board, level : maitre'),(559788374,'81.93.6.24','2011-09-07 15:05:53','index'),(559788374,'81.93.6.24','2011-09-07 15:06:46','index'),(559788374,'81.93.6.24','2011-09-07 15:07:06','init_board, level : 1'),(559788374,'81.93.6.24','2011-09-07 15:07:17','init_board, level : 2'),(559788374,'81.93.6.24','2011-09-07 15:07:20','init_board, level : expert'),(1278218843,'90.63.88.33','2011-09-07 16:27:31','index'),(1278218843,'90.63.88.33','2011-09-07 16:27:37','index'),(1278218843,'90.63.88.33','2011-09-07 16:27:41','init_board, level : maitre'),(1278218843,'90.63.88.33','2011-09-07 16:27:58','init_board, level : maitre'),(1278218843,'90.63.88.33','2011-09-07 16:28:08','init_board, level : maitre'),(1278218843,'90.63.88.33','2011-09-07 16:28:11','init_board, level : maitre'),(1278218843,'90.63.88.33','2011-09-07 16:28:51','init_board, level : maitre'),(1278218843,'90.63.88.33','2011-09-07 16:28:55','init_board, level : maitre'),(1278218843,'90.63.88.33','2011-09-07 16:31:36','init_board, level : maitre'),(1278218843,'90.63.88.33','2011-09-07 16:31:44','init_board, level : maitre'),(1278218843,'90.63.88.33','2011-09-07 16:33:37','init_board, level : maitre'),(1278218843,'90.63.88.33','2011-09-07 16:40:27','init_board, level : normal'),(1278218843,'90.63.88.33','2011-09-07 16:41:12','init_board, level : normal'),(1278218843,'90.63.88.33','2011-09-07 16:41:35','init_board, level : normal'),(1278218843,'90.63.88.33','2011-09-07 16:44:10','init_board, level : normal'),(1278218843,'90.63.88.33','2011-09-07 16:45:52','init_board, level : normal'),(1278218843,'90.63.88.33','2011-09-07 16:49:10','init_board, level : normal'),(0,'81.93.6.24','2011-09-08 10:15:55','index'),(559788374,'81.93.6.24','2011-09-08 10:15:59','index'),(0,'81.93.6.24','2011-09-08 10:35:48','index'),(0,'82.227.17.113','2011-09-08 11:54:31','index'),(0,'82.227.17.113','2011-09-08 11:55:25','init_board, level : novice'),(0,'82.227.17.113','2011-09-08 11:57:27','init_board, level : novice'),(0,'82.227.17.113','2011-09-08 11:58:51','init_board, level : novice'),(0,'82.227.17.113','2011-09-08 12:00:49','init_board, level : maitre'),(0,'82.227.17.113','2011-09-08 12:06:57','index'),(0,'88.174.247.229','2011-09-08 23:03:23','index'),(559788374,'81.93.6.24','2011-09-09 10:55:03','index'),(559788374,'81.93.6.24','2011-09-09 10:55:08','index'),(559788374,'81.93.6.24','2011-09-09 10:55:18','index'),(559788374,'81.93.6.24','2011-09-09 10:55:31','index'),(0,'66.220.158.250','2011-09-09 10:55:44','index'),(0,'88.171.193.133','2011-09-09 18:50:02','index'),(0,'88.171.193.133','2011-09-10 09:33:56','index'),(0,'88.171.193.133','2011-09-10 09:33:56','index'),(0,'81.56.54.197','2011-09-10 11:11:11','index'),(1024630303,'81.56.54.197','2011-09-10 11:11:27','index'),(1024630303,'81.56.54.197','2011-09-10 11:11:49','init_board, level : 1'),(1024630303,'81.56.54.197','2011-09-10 11:12:27','init_board, level : 2'),(1024630303,'81.56.54.197','2011-09-10 11:13:43','init_board, level : 3'),(559788374,'88.171.193.133','2011-09-10 12:26:15','index'),(559788374,'88.171.193.133','2011-09-10 12:26:19','index'),(0,'66.249.72.118','2011-09-10 14:16:41','index'),(0,'82.227.36.239','2011-09-11 10:42:18','index'),(698524321,'82.227.36.239','2011-09-11 10:43:04','index'),(698524321,'82.227.36.239','2011-09-11 10:43:20','init_board, level : novice'),(698524321,'82.227.36.239','2011-09-11 10:43:59','init_board, level : novice'),(698524321,'82.227.36.239','2011-09-11 10:45:04','init_board, level : novice'),(698524321,'82.227.36.239','2011-09-11 10:45:36','init_board, level : novice'),(698524321,'82.227.36.239','2011-09-11 10:46:39','init_board, level : novice'),(698524321,'82.227.36.239','2011-09-11 10:47:24','init_board, level : novice'),(698524321,'82.227.36.239','2011-09-11 10:48:07','init_board, level : novice'),(698524321,'82.227.36.239','2011-09-11 10:48:37','init_board, level : novice'),(698524321,'82.227.36.239','2011-09-11 10:49:20','init_board, level : novice'),(0,'77.198.106.21','2011-09-11 11:03:45','index'),(0,'88.174.247.229','2011-09-11 22:40:13','index'),(559788374,'93.9.68.113','2011-09-12 11:49:38','index'),(559788374,'93.9.68.113','2011-09-12 11:49:44','index'),(559788374,'93.9.68.113','2011-09-12 12:01:35','index'),(559788374,'93.9.68.113','2011-09-12 12:06:50','init_board, level : novice'),(559788374,'93.9.68.113','2011-09-12 12:07:14','init_board, level : novice'),(559788374,'93.9.68.113','2011-09-12 12:07:38','init_board, level : novice'),(559788374,'93.9.68.113','2011-09-12 12:07:59','init_board, level : novice'),(559788374,'93.9.68.113','2011-09-12 13:39:50','index'),(559788374,'93.9.68.113','2011-09-12 13:39:55','index'),(559788374,'93.9.68.113','2011-09-12 13:40:08','index'),(559788374,'93.9.68.113','2011-09-12 13:54:59','index'),(559788374,'93.9.68.113','2011-09-12 13:55:06','index'),(559788374,'93.9.68.113','2011-09-12 14:48:55','index'),(559788374,'93.9.68.113','2011-09-12 14:49:48','init_board, level : novice'),(559788374,'93.9.68.113','2011-09-12 14:50:13','init_board, level : normal'),(559788374,'93.9.68.113','2011-09-12 14:50:16','init_board, level : novice'),(559788374,'93.9.68.113','2011-09-12 14:51:14','init_board, level : novice'),(559788374,'93.9.68.113','2011-09-12 14:51:38','init_board, level : novice'),(559788374,'93.9.68.113','2011-09-12 14:52:13','init_board, level : novice'),(559788374,'93.9.68.113','2011-09-12 14:52:34','init_board, level : novice'),(559788374,'93.9.68.113','2011-09-12 14:52:37','init_board, level : novice'),(559788374,'93.9.68.113','2011-09-12 14:52:41','init_board, level : novice'),(559788374,'93.9.68.113','2011-09-12 14:52:43','init_board, level : novice'),(559788374,'93.9.68.113','2011-09-12 14:52:45','init_board, level : novice'),(559788374,'93.9.68.113','2011-09-12 14:52:46','init_board, level : novice'),(559788374,'93.9.68.113','2011-09-12 14:52:47','init_board, level : novice'),(559788374,'93.9.68.113','2011-09-12 14:52:48','init_board, level : novice'),(559788374,'93.9.68.113','2011-09-12 14:52:49','init_board, level : novice'),(559788374,'93.9.68.113','2011-09-12 14:52:50','init_board, level : novice'),(559788374,'93.9.68.113','2011-09-12 14:52:51','init_board, level : novice'),(559788374,'93.9.68.113','2011-09-12 14:52:53','init_board, level : novice'),(559788374,'93.9.68.113','2011-09-12 14:52:56','init_board, level : novice'),(559788374,'93.9.68.113','2011-09-12 14:53:00','init_board, level : novice'),(559788374,'93.9.68.113','2011-09-12 14:53:02','init_board, level : novice'),(559788374,'93.9.68.113','2011-09-12 14:53:06','init_board, level : novice'),(559788374,'93.9.68.113','2011-09-12 14:53:08','init_board, level : novice'),(559788374,'93.9.68.113','2011-09-12 14:53:09','init_board, level : novice'),(559788374,'93.9.68.113','2011-09-12 14:53:50','init_board, level : novice'),(559788374,'93.9.68.113','2011-09-12 14:53:51','init_board, level : novice'),(559788374,'93.9.68.113','2011-09-12 14:53:53','init_board, level : novice'),(559788374,'93.9.68.113','2011-09-12 14:53:54','init_board, level : novice'),(559788374,'93.9.68.113','2011-09-12 14:53:55','init_board, level : novice'),(559788374,'93.9.68.113','2011-09-12 14:53:57','init_board, level : novice'),(559788374,'93.9.68.113','2011-09-12 14:53:58','init_board, level : novice'),(559788374,'93.9.68.113','2011-09-12 14:53:59','init_board, level : novice'),(559788374,'93.9.68.113','2011-09-12 14:54:00','init_board, level : novice'),(559788374,'93.9.68.113','2011-09-12 14:54:01','init_board, level : novice'),(559788374,'93.9.68.113','2011-09-12 14:54:03','init_board, level : novice'),(559788374,'93.9.68.113','2011-09-12 14:54:07','init_board, level : novice'),(559788374,'93.9.68.113','2011-09-12 14:54:09','init_board, level : novice'),(559788374,'93.9.68.113','2011-09-12 14:54:09','init_board, level : novice'),(559788374,'93.9.68.113','2011-09-12 14:54:10','init_board, level : novice'),(559788374,'93.9.68.113','2011-09-12 14:54:11','init_board, level : novice'),(559788374,'93.9.68.113','2011-09-12 14:54:12','init_board, level : novice'),(559788374,'93.9.68.113','2011-09-12 14:54:12','init_board, level : novice'),(559788374,'93.9.68.113','2011-09-12 14:54:13','init_board, level : novice'),(559788374,'93.9.68.113','2011-09-12 14:54:14','init_board, level : novice'),(559788374,'93.9.68.113','2011-09-12 14:54:38','init_board, level : novice'),(559788374,'93.9.68.113','2011-09-12 14:54:43','init_board, level : novice'),(559788374,'93.9.68.113','2011-09-12 14:54:45','init_board, level : novice'),(559788374,'93.9.68.113','2011-09-12 14:54:46','init_board, level : novice'),(559788374,'93.9.68.113','2011-09-12 14:54:49','init_board, level : novice'),(559788374,'93.9.68.113','2011-09-12 14:54:51','init_board, level : novice'),(559788374,'93.9.68.113','2011-09-12 14:54:55','init_board, level : novice'),(559788374,'93.9.68.113','2011-09-12 14:55:03','init_board, level : novice'),(559788374,'93.9.68.113','2011-09-12 14:55:42','init_board, level : novice'),(559788374,'93.9.68.113','2011-09-12 14:55:45','init_board, level : novice'),(559788374,'93.9.68.113','2011-09-12 14:56:32','init_board, level : novice'),(559788374,'93.9.68.113','2011-09-12 15:08:30','init_board, level : novice'),(559788374,'93.9.68.113','2011-09-12 15:08:56','init_board, level : novice'),(559788374,'93.9.68.113','2011-09-12 15:42:22','init_board, level : novice'),(559788374,'93.9.68.113','2011-09-12 15:42:24','init_board, level : novice'),(559788374,'93.9.68.113','2011-09-12 15:42:44','init_board, level : novice'),(559788374,'93.9.68.113','2011-09-12 15:43:12','init_board, level : novice'),(559788374,'93.9.68.113','2011-09-12 15:50:19','index'),(559788374,'93.9.68.113','2011-09-12 16:35:34','index'),(0,'91.121.139.104','2011-09-12 21:31:49','index'),(0,'88.182.8.160','2011-09-13 15:37:36','index'),(100000831236752,'88.174.247.229','2011-09-13 16:40:12','index'),(100000831236752,'88.174.247.229','2011-09-13 16:40:21','index'),(0,'85.177.174.28','2011-09-13 19:38:09','index'),(0,'85.177.174.28','2011-09-13 19:40:10','init_board, level : 1'),(1253681478,'82.120.84.38','2011-09-13 20:15:31','index'),(1253681478,'82.120.84.38','2011-09-13 20:15:36','index'),(1253681478,'82.120.84.38','2011-09-13 20:15:42','init_board, level : normal'),(1253681478,'82.120.84.38','2011-09-13 20:16:47','init_board, level : normal'),(1253681478,'82.120.84.38','2011-09-13 20:18:05','init_board, level : normal'),(1253681478,'82.120.84.38','2011-09-13 20:19:37','init_board, level : normal'),(1253681478,'82.120.84.38','2011-09-13 20:23:46','init_board, level : normal'),(1253681478,'82.120.84.38','2011-09-13 20:26:29','init_board, level : normal'),(1253681478,'82.120.84.38','2011-09-13 20:27:39','init_board, level : normal'),(1253681478,'82.120.84.38','2011-09-13 20:29:28','init_board, level : normal'),(1253681478,'82.120.84.38','2011-09-13 20:33:54','init_board, level : normal'),(1253681478,'82.120.84.38','2011-09-13 20:34:53','init_board, level : normal'),(1253681478,'82.120.84.38','2011-09-13 20:36:14','init_board, level : normal'),(1253681478,'82.120.84.38','2011-09-13 20:37:31','init_board, level : normal'),(1253681478,'82.120.84.38','2011-09-13 20:38:17','init_board, level : normal'),(1253681478,'82.120.84.38','2011-09-13 20:39:36','init_board, level : normal'),(0,'82.239.227.176','2011-09-13 22:01:42','index'),(0,'82.239.227.176','2011-09-13 22:02:13','index'),(100002892504366,'217.169.242.190','2011-09-14 14:11:14','index'),(100002892504366,'217.169.242.190','2011-09-14 14:11:20','index'),(559788374,'93.9.68.113','2011-09-14 15:18:25','index'),(559788374,'93.9.68.113','2011-09-14 15:18:35','index'),(559788374,'93.9.68.113','2011-09-14 15:18:53','index'),(559788374,'93.9.68.113','2011-09-14 15:24:19','index'),(100000831236752,'88.174.247.229','2011-09-14 20:45:16','index'),(100000831236752,'88.174.247.229','2011-09-14 20:45:22','index'),(0,'218.186.15.226','2011-09-15 05:49:11','index'),(0,'218.186.15.10','2011-09-15 05:49:53','init_board, level : 1'),(0,'88.174.247.229','2011-09-15 09:57:40','index'),(559788374,'81.93.6.24','2011-09-15 11:52:17','index'),(559788374,'81.93.6.24','2011-09-15 11:52:22','index'),(100000831236752,'88.174.247.229','2011-09-15 14:52:35','index'),(100000831236752,'88.174.247.229','2011-09-15 14:52:40','index'),(100000831236752,'88.174.247.229','2011-09-15 14:52:57','init_board, level : novice'),(100000831236752,'88.174.247.229','2011-09-15 14:53:06','init_board, level : novice'),(100000831236752,'88.174.247.229','2011-09-15 14:53:22','init_board, level : novice'),(100000831236752,'88.174.247.229','2011-09-15 14:53:30','init_board, level : novice'),(100000831236752,'88.174.247.229','2011-09-15 14:53:33','init_board, level : novice'),(100000831236752,'88.174.247.229','2011-09-15 14:53:35','init_board, level : novice'),(100000831236752,'88.174.247.229','2011-09-15 14:53:37','init_board, level : novice'),(100000831236752,'88.174.247.229','2011-09-15 14:53:38','init_board, level : novice'),(100000831236752,'88.174.247.229','2011-09-15 14:53:39','init_board, level : novice'),(100000831236752,'88.174.247.229','2011-09-15 14:53:40','init_board, level : novice'),(100000831236752,'88.174.247.229','2011-09-15 14:53:41','init_board, level : novice'),(100000831236752,'88.174.247.229','2011-09-15 14:53:42','init_board, level : novice'),(100000831236752,'88.174.247.229','2011-09-15 14:53:43','init_board, level : novice'),(100000831236752,'88.174.247.229','2011-09-15 14:54:18','init_board, level : novice'),(100000831236752,'88.174.247.229','2011-09-15 14:54:26','index'),(100000831236752,'88.174.247.229','2011-09-15 14:54:30','index'),(100000831236752,'88.174.247.229','2011-09-15 14:54:36','index'),(559788374,'81.93.6.24','2011-09-15 15:31:53','init_board, level : novice'),(698524321,'82.227.36.239','2011-09-15 15:32:53','index'),(698524321,'82.227.36.239','2011-09-15 15:32:58','index'),(698524321,'82.227.36.239','2011-09-15 15:34:09','init_board, level : normal'),(559788374,'81.93.6.24','2011-09-15 15:34:30','init_board, level : novice'),(559788374,'81.93.6.24','2011-09-15 15:35:57','init_board, level : normal'),(559788374,'81.93.6.24','2011-09-15 15:36:00','init_board, level : normal'),(698524321,'82.227.36.239','2011-09-15 15:37:41','init_board, level : novice'),(698524321,'82.227.36.239','2011-09-15 15:37:43','init_board, level : normal'),(698524321,'82.227.36.239','2011-09-15 15:40:53','init_board, level : normal'),(698524321,'82.227.36.239','2011-09-15 15:45:34','init_board, level : normal'),(698524321,'82.227.36.239','2011-09-15 15:50:57','init_board, level : normal'),(698524321,'82.227.36.239','2011-09-15 15:51:50','init_board, level : expert'),(559788374,'81.93.6.24','2011-09-15 15:53:20','init_board, level : normal'),(559788374,'81.93.6.24','2011-09-15 15:53:26','init_board, level : expert'),(698524321,'82.227.36.239','2011-09-15 15:59:20','index'),(698524321,'82.227.36.239','2011-09-15 15:59:25','index'),(698524321,'82.227.36.239','2011-09-15 15:59:37','init_board, level : expert'),(698524321,'82.227.36.239','2011-09-15 16:06:27','index'),(698524321,'82.227.36.239','2011-09-15 16:06:31','index'),(698524321,'82.227.36.239','2011-09-15 16:06:38','init_board, level : expert'),(698524321,'82.227.36.239','2011-09-15 16:10:09','init_board, level : maitre'),(698524321,'82.227.36.239','2011-09-15 16:11:08','init_board, level : maitre'),(698524321,'82.227.36.239','2011-09-15 16:13:46','init_board, level : normal'),(698524321,'82.227.36.239','2011-09-15 16:13:49','init_board, level : novice'),(698524321,'82.227.36.239','2011-09-15 16:14:20','init_board, level : novice'),(0,'24.201.195.111','2011-09-15 16:14:25','index'),(698524321,'82.227.36.239','2011-09-15 16:15:14','init_board, level : maitre'),(0,'87.91.72.240','2011-09-15 16:56:27','index'),(0,'78.236.81.194','2011-09-15 20:32:15','index'),(100000831236752,'88.174.247.229','2011-09-15 22:27:07','index'),(100000831236752,'88.174.247.229','2011-09-15 22:27:13','index'),(0,'95.136.190.117','2011-09-16 19:24:16','index'),(559788374,'88.171.193.133','2011-09-17 11:49:37','index'),(559788374,'88.171.193.133','2011-09-17 11:49:43','index'),(0,'66.220.145.247','2011-09-17 11:50:03','index'),(0,'93.9.68.113','2011-09-17 11:51:05','index'),(0,'88.171.193.133','2011-09-18 00:27:26','index'),(0,'93.9.68.113','2011-09-18 11:10:35','index'),(0,'88.172.97.100','2011-09-18 23:46:56','index'),(559788374,'88.171.193.133','2011-09-18 23:47:27','index'),(559788374,'88.171.193.133','2011-09-18 23:47:33','index'),(0,'81.57.99.46','2011-09-19 00:02:32','index'),(0,'88.160.31.164','2011-09-19 05:59:21','index'),(0,'88.160.31.164','2011-09-19 05:59:28','index'),(0,'88.171.193.133','2011-09-19 08:56:35','index'),(559788374,'88.171.193.133','2011-09-19 10:32:55','index'),(559788374,'88.171.193.133','2011-09-19 10:33:01','index'),(0,'88.174.247.229','2011-09-19 11:09:45','index'),(100000831236752,'88.174.247.229','2011-09-19 11:11:58','index'),(100000831236752,'88.174.247.229','2011-09-19 11:12:05','index'),(100000831236752,'88.174.247.229','2011-09-19 11:13:01','init_board, level : expert'),(100000831236752,'88.174.247.229','2011-09-19 11:13:53','index'),(0,'88.174.247.229','2011-09-19 13:54:05','index'),(100000831236752,'88.174.247.229','2011-09-19 13:54:55','index'),(100000831236752,'88.174.247.229','2011-09-19 13:55:01','index'),(559788374,'88.171.193.133','2011-09-19 14:43:43','index'),(559788374,'88.171.193.133','2011-09-19 14:43:48','index'),(0,'217.169.242.190','2011-09-19 15:07:02','index'),(559788374,'88.171.193.133','2011-09-19 15:25:17','index'),(559788374,'88.171.193.133','2011-09-19 15:25:21','index'),(100000831236752,'88.174.247.229','2011-09-19 15:28:06','index'),(100000831236752,'88.174.247.229','2011-09-19 15:30:03','index'),(100000831236752,'88.174.247.229','2011-09-19 15:31:08','index'),(100000831236752,'88.174.247.229','2011-09-19 15:31:13','index'),(100000831236752,'88.174.247.229','2011-09-19 15:31:29','index'),(100000831236752,'88.174.247.229','2011-09-19 15:31:33','index'),(100000831236752,'88.174.247.229','2011-09-19 15:55:49','index'),(100000831236752,'88.174.247.229','2011-09-19 15:55:55','index'),(0,'217.76.115.146','2011-09-19 16:35:04','index'),(0,'88.160.131.52','2011-09-19 16:40:12','index'),(0,'88.160.131.52','2011-09-19 16:41:19','init_board, level : 1'),(0,'88.160.131.52','2011-09-19 16:41:45','init_board, level : 2'),(100000831236752,'88.174.247.229','2011-09-19 17:08:40','index'),(100000831236752,'88.174.247.229','2011-09-19 17:08:47','index'),(0,'84.97.49.174','2011-09-19 18:11:56','index'),(0,'194.98.194.219','2011-09-19 18:18:12','index'),(100000831236752,'88.174.247.229','2011-09-19 18:19:30','index'),(100000831236752,'88.174.247.229','2011-09-19 18:19:37','index'),(0,'79.90.136.172','2011-09-19 18:41:58','index'),(0,'79.90.136.172','2011-09-19 18:44:07','init_board, level : 1'),(0,'79.90.136.172','2011-09-19 18:45:00','init_board, level : 2'),(0,'79.90.136.172','2011-09-19 18:45:04','init_board, level : 2'),(856335356,'93.9.68.113','2011-09-19 20:19:11','index'),(0,'78.247.200.161','2011-09-19 20:23:18','index'),(0,'78.247.200.161','2011-09-19 20:25:20','init_board, level : 1'),(0,'90.41.7.235','2011-09-19 20:33:06','index'),(0,'178.16.245.44','2011-09-19 20:39:53','index'),(0,'212.195.128.243','2011-09-19 20:59:50','index'),(0,'62.35.114.219','2011-09-19 21:00:14','index'),(1067701072,'212.195.128.243','2011-09-19 21:00:58','index'),(0,'212.195.128.243','2011-09-19 21:01:39','init_board, level : 1'),(0,'212.195.128.243','2011-09-19 21:02:39','init_board, level : normal'),(1067701072,'212.195.128.243','2011-09-19 21:53:51','index'),(1067701072,'212.195.128.243','2011-09-19 21:53:57','index'),(0,'212.195.128.243','2011-09-19 21:54:35','init_board, level : novice'),(100000831236752,'88.174.247.229','2011-09-19 23:12:35','index'),(100000831236752,'88.174.247.229','2011-09-19 23:12:42','index'),(100000831236752,'88.174.247.229','2011-09-20 09:07:33','index'),(100000831236752,'88.174.247.229','2011-09-20 09:07:41','index'),(559788374,'88.171.193.133','2011-09-20 09:45:50','index'),(559788374,'88.171.193.133','2011-09-20 09:45:55','index'),(559788374,'88.171.193.133','2011-09-20 09:47:43','index'),(559788374,'88.171.193.133','2011-09-20 10:22:52','index'),(559788374,'88.171.193.133','2011-09-20 10:23:34','init_board, level : novice'),(559788374,'88.171.193.133','2011-09-20 10:23:38','init_board, level : novice'),(559788374,'88.171.193.133','2011-09-20 10:23:57','init_board, level : novice'),(559788374,'88.171.193.133','2011-09-20 10:24:22','init_board, level : novice'),(100000831236752,'88.174.247.229','2011-09-20 10:34:55','index'),(100000831236752,'88.174.247.229','2011-09-20 10:35:01','index'),(100000831236752,'88.174.247.229','2011-09-20 10:52:40','index'),(559788374,'88.171.193.133','2011-09-20 11:17:27','init_board, level : novice'),(559788374,'88.171.193.133','2011-09-20 11:18:05','init_board, level : novice'),(559788374,'88.171.193.133','2011-09-20 11:18:44','init_board, level : novice'),(559788374,'88.171.193.133','2011-09-20 11:19:10','init_board, level : novice'),(0,'78.251.194.227','2011-09-20 12:09:45','index'),(1127977842,'78.251.194.227','2011-09-20 12:10:00','index'),(1127977842,'78.251.194.227','2011-09-20 12:10:55','init_board, level : 1'),(1127977842,'78.251.194.227','2011-09-20 12:11:26','init_board, level : 2'),(100000831236752,'88.174.247.229','2011-09-20 15:05:57','index'),(0,'109.214.245.174','2011-09-20 15:38:21','index'),(0,'66.220.153.245','2011-09-20 17:45:21','deauth : 552280557'),(0,'132.212.15.146','2011-09-20 18:21:11','index'),(0,'132.212.15.146','2011-09-20 18:22:59','init_board, level : 1'),(0,'132.212.15.146','2011-09-20 18:24:00','init_board, level : 2'),(1278218843,'92.140.235.106','2011-09-20 21:21:32','index'),(1278218843,'92.140.235.106','2011-09-20 21:21:37','index'),(1278218843,'92.140.235.106','2011-09-20 21:22:06','init_board, level : novice'),(1278218843,'92.140.235.106','2011-09-20 21:22:49','init_board, level : novice'),(1278218843,'92.140.235.106','2011-09-20 21:23:39','init_board, level : novice'),(1278218843,'92.140.235.106','2011-09-20 21:23:42','init_board, level : maitre'),(1278218843,'92.140.235.106','2011-09-20 21:23:48','init_board, level : maitre'),(0,'217.169.242.190','2011-09-21 09:45:18','index'),(0,'217.169.242.190','2011-09-21 09:45:21','index'),(0,'80.214.4.56','2011-09-21 12:54:28','index'),(0,'80.214.4.184','2011-09-21 12:54:41','index'),(0,'80.214.4.60','2011-09-21 12:55:12','init_board, level : novice'),(0,'80.214.4.10','2011-09-21 12:57:24','init_board, level : novice'),(0,'80.214.4.98','2011-09-21 12:59:37','init_board, level : novice'),(559788374,'81.93.6.24','2011-09-21 14:03:01','index'),(559788374,'81.93.6.24','2011-09-21 14:03:08','index'),(559788374,'81.93.6.24','2011-09-21 14:03:20','init_board, level : novice'),(0,'69.171.224.247','2011-09-21 14:03:22','index'),(559788374,'81.93.6.24','2011-09-21 16:09:50','index'),(1253681478,'88.171.193.133','2011-09-21 23:07:05','index'),(1253681478,'88.171.193.133','2011-09-21 23:07:21','index'),(1253681478,'88.171.193.133','2011-09-21 23:07:32','init_board, level : normal'),(0,'88.174.247.229','2011-09-22 09:25:35','index'),(100000831236752,'88.174.247.229','2011-09-22 11:31:00','index'),(100000831236752,'88.174.247.229','2011-09-22 11:31:06','index'),(0,'82.244.165.223','2011-09-22 11:42:54','index'),(815594034,'82.244.165.223','2011-09-22 11:43:28','index'),(815594034,'82.244.165.223','2011-09-22 11:44:55','init_board, level : 1'),(815594034,'82.244.165.223','2011-09-22 11:44:59','init_board, level : novice'),(815594034,'82.244.165.223','2011-09-22 11:45:00','init_board, level : 1'),(815594034,'82.244.165.223','2011-09-22 11:45:01','init_board, level : novice'),(815594034,'82.244.165.223','2011-09-22 11:45:01','init_board, level : 1'),(815594034,'82.244.165.223','2011-09-22 11:45:21','init_board, level : novice'),(815594034,'82.244.165.223','2011-09-22 11:45:56','init_board, level : novice'),(815594034,'82.244.165.223','2011-09-22 11:46:39','init_board, level : novice'),(815594034,'82.244.165.223','2011-09-22 11:47:45','init_board, level : normal'),(815594034,'82.244.165.223','2011-09-22 11:48:52','init_board, level : normal'),(815594034,'82.244.165.223','2011-09-22 11:52:38','init_board, level : normal'),(815594034,'82.244.165.223','2011-09-22 11:53:43','init_board, level : normal'),(815594034,'82.244.165.223','2011-09-22 11:54:53','init_board, level : normal'),(815594034,'82.244.165.223','2011-09-22 11:56:22','init_board, level : normal'),(815594034,'82.244.165.223','2011-09-22 11:57:14','init_board, level : normal'),(815594034,'82.244.165.223','2011-09-22 11:58:37','init_board, level : normal'),(815594034,'82.244.165.223','2011-09-22 11:59:23','init_board, level : normal'),(815594034,'82.244.165.223','2011-09-22 12:00:47','init_board, level : normal'),(815594034,'82.244.165.223','2011-09-22 12:02:00','init_board, level : normal'),(815594034,'82.244.165.223','2011-09-22 12:03:50','init_board, level : normal'),(815594034,'82.244.165.223','2011-09-22 12:05:15','init_board, level : normal'),(815594034,'82.244.165.223','2011-09-22 12:07:54','init_board, level : normal'),(815594034,'82.244.165.223','2011-09-22 12:09:00','init_board, level : normal'),(0,'81.93.6.24','2011-09-22 14:57:26','index'),(0,'81.93.6.24','2011-09-22 14:57:47','init_board, level : 1'),(0,'81.93.6.24','2011-09-22 14:58:04','init_board, level : 2'),(0,'193.253.141.64','2011-09-22 20:57:53','index'),(0,'193.253.141.64','2011-09-22 20:59:31','index'),(100000831236752,'88.174.247.229','2011-09-22 22:33:53','index'),(100000831236752,'88.174.247.229','2011-09-22 22:34:02','index'),(559788374,'88.171.193.133','2011-09-22 22:46:15','index'),(559788374,'88.171.193.133','2011-09-22 22:46:20','index'),(0,'194.206.156.119','2011-09-23 11:30:38','index'),(0,'88.174.247.229','2011-09-23 20:34:17','index'),(560335749,'193.49.161.207','2011-09-25 15:18:19','index'),(0,'69.171.242.250','2011-09-25 16:18:27','deauth : 776637258'),(100000831236752,'88.174.247.229','2011-09-26 08:47:33','index'),(100000831236752,'88.174.247.229','2011-09-26 08:47:39','index'),(0,'88.171.193.133','2011-09-26 09:15:11','index'),(559788374,'88.171.193.133','2011-09-26 09:16:45','index'),(559788374,'88.171.193.133','2011-09-26 09:16:51','index'),(100000831236752,'88.174.247.229','2011-09-26 09:26:48','index'),(100000831236752,'88.174.247.229','2011-09-26 09:48:59','index'),(0,'93.7.123.179','2011-09-26 11:17:38','index'),(0,'93.7.123.179','2011-09-26 11:17:52','init_board, level : 1'),(0,'93.7.123.179','2011-09-26 11:18:28','init_board, level : maitre'),(0,'84.100.151.40','2011-09-26 14:13:38','index'),(100000831236752,'88.174.247.229','2011-09-27 09:40:54','index'),(100000831236752,'88.174.247.229','2011-09-27 09:40:59','index'),(0,'88.174.247.229','2011-09-27 10:02:06','index'),(0,'88.174.247.229','2011-09-27 10:06:47','index'),(100000831236752,'88.174.247.229','2011-09-27 10:38:15','index'),(100000831236752,'88.174.247.229','2011-09-27 10:38:38','index'),(100000831236752,'88.174.247.229','2011-09-27 10:40:24','index'),(559788374,'88.171.193.133','2011-09-27 15:16:29','index'),(559788374,'88.171.193.133','2011-09-27 15:16:35','index'),(559788374,'88.171.193.133','2011-09-27 15:16:47','index'),(559788374,'88.171.193.133','2011-09-27 15:16:53','index'),(100000831236752,'88.174.247.229','2011-09-27 16:09:56','index'),(559788374,'81.93.6.24','2011-09-28 18:39:09','index'),(559788374,'81.93.6.24','2011-09-28 18:39:15','index'),(516542673,'88.171.193.133','2011-09-29 20:00:13','index'),(516542673,'88.171.193.133','2011-09-29 20:00:19','index'),(100000831236752,'88.174.247.229','2011-09-29 20:32:12','index'),(100000831236752,'88.174.247.229','2011-09-29 20:32:18','index'),(723805994,'82.238.132.169','2011-09-29 21:20:19','index'),(723805994,'82.238.132.169','2011-09-29 21:20:25','index'),(723805994,'82.238.132.169','2011-09-29 21:20:31','index'),(723805994,'82.238.132.169','2011-09-29 21:20:35','index'),(723805994,'82.238.132.169','2011-09-29 21:20:40','index'),(0,'82.231.99.9','2011-09-30 00:07:24','index'),(0,'78.192.241.94','2011-09-30 07:35:13','index'),(100000831236752,'88.174.247.229','2011-09-30 08:56:27','index'),(100000831236752,'88.174.247.229','2011-09-30 08:56:34','index'),(0,'66.249.71.214','2011-09-30 10:32:54','index'),(0,'84.122.159.100','2011-09-30 14:10:08','index'),(614369445,'84.122.159.100','2011-09-30 14:10:23','index'),(614369445,'84.122.159.100','2011-09-30 14:10:59','init_board, level : 1'),(614369445,'84.122.159.100','2011-09-30 14:11:31','init_board, level : 2'),(614369445,'84.122.159.100','2011-09-30 14:12:13','init_board, level : 3'),(614369445,'84.122.159.100','2011-09-30 14:15:29','init_board, level : 4'),(723805994,'82.238.132.169','2011-09-30 22:23:07','index'),(723805994,'82.238.132.169','2011-09-30 22:23:12','index'),(0,'82.238.132.169','2011-09-30 22:24:01','index'),(723805994,'82.238.132.169','2011-09-30 22:26:34','index'),(723805994,'82.238.132.169','2011-09-30 22:26:39','index'),(723805994,'82.238.132.169','2011-09-30 22:26:46','init_board, level : maitre'),(723805994,'82.238.132.169','2011-09-30 22:27:50','init_board, level : maitre'),(0,'88.174.247.229','2011-10-01 09:27:31','index'),(723805994,'82.238.132.169','2011-10-03 23:59:21','index'),(723805994,'82.238.132.169','2011-10-03 23:59:26','index'),(723805994,'82.238.132.169','2011-10-03 23:59:39','init_board, level : maitre'),(723805994,'82.238.132.169','2011-10-04 00:01:27','init_board, level : maitre'),(723805994,'82.238.132.169','2011-10-04 00:01:34','init_board, level : maitre'),(723805994,'82.238.132.169','2011-10-04 00:04:36','init_board, level : maitre'),(723805994,'82.238.132.169','2011-10-04 00:07:43','init_board, level : maitre'),(100000831236752,'88.174.247.229','2011-10-04 20:42:31','index'),(100000831236752,'88.174.247.229','2011-10-04 20:42:38','index');
/*!40000 ALTER TABLE `LOGS` ENABLE KEYS */;
UNLOCK TABLES;

--
-- Table structure for table `SCORES_BEST`
--

DROP TABLE IF EXISTS `SCORES_BEST`;
/*!40101 SET @saved_cs_client     = @@character_set_client */;
/*!40101 SET character_set_client = utf8 */;
CREATE TABLE `SCORES_BEST` (
  `SBE_USR_ID` bigint(20) NOT NULL COMMENT 'fk USERS',
  `SBE_LEVEL` varchar(20) NOT NULL COMMENT 'level name',
  `SBE_SCORE` int(20) NOT NULL COMMENT 'player best score for the level',
  `SBE_NB_CLIC` int(10) NOT NULL COMMENT 'nb clic for best score',
  `SBE_PERCENT_SATISF` int(3) NOT NULL COMMENT 'percent for best score',
  `SBE_NB_PLAYED` int(10) NOT NULL COMMENT 'nb played total',
  `SBE_NB_WIN` int(10) NOT NULL COMMENT 'nb win total',
  UNIQUE KEY `IDX_PRIMARY` (`SBE_USR_ID`,`SBE_LEVEL`),
  KEY `SBE_USR_ID` (`SBE_USR_ID`)
) ENGINE=MyISAM DEFAULT CHARSET=utf8;
/*!40101 SET character_set_client = @saved_cs_client */;

--
-- Dumping data for table `SCORES_BEST`
--

LOCK TABLES `SCORES_BEST` WRITE;
/*!40000 ALTER TABLE `SCORES_BEST` DISABLE KEYS */;
INSERT INTO `SCORES_BEST` (`SBE_USR_ID`, `SBE_LEVEL`, `SBE_SCORE`, `SBE_NB_CLIC`, `SBE_PERCENT_SATISF`, `SBE_NB_PLAYED`, `SBE_NB_WIN`) VALUES (559788374,'Matre',63300,146,84,3,3),(559788374,'Expert',24994,56,95,5,5),(559788374,'Normal',13200,25,100,30,28),(559788374,'Novice',2880,6,100,28,26),(0,'Novice',0,0,0,0,0),(0,'Normal',0,0,0,0,0),(0,'Expert',0,0,0,0,0),(0,'Matre',0,0,0,0,0),(100000831236752,'Novice',2839,8,100,7,7),(100000831236752,'Normal',12344,40,89,2,2),(100000831236752,'Expert',24707,53,89,4,4),(100000831236752,'Matre',76678,74,93,5,5),(723805994,'Novice',0,0,0,0,0),(516542673,'Matre',0,0,0,0,0),(516542673,'Novice',0,0,0,0,0),(516542673,'Normal',0,0,0,0,0),(516542673,'Expert',0,0,0,0,0),(723805994,'Normal',0,0,0,0,0),(723805994,'Expert',0,0,0,0,0),(723805994,'Matre',76697,68,93,12,10),(1253681478,'Novice',2840,8,100,89,66),(1253681478,'Normal',13350,31,100,47,39),(1253681478,'Expert',0,0,0,0,0),(1253681478,'Matre',0,0,0,0,0),(560335749,'Novice',2247,21,67,3,3),(560335749,'Normal',0,0,0,0,0),(560335749,'Expert',0,0,0,0,0),(560335749,'Matre',0,0,0,0,0),(709746581,'Novice',0,0,0,0,0),(709746581,'Normal',0,0,0,0,0),(709746581,'Expert',0,0,0,0,0),(709746581,'Matre',0,0,0,0,0),(100002515460499,'Novice',0,0,0,0,0),(100002515460499,'Normal',0,0,0,0,0),(100002515460499,'Expert',0,0,0,0,0),(100002515460499,'Matre',0,0,0,0,0),(856335356,'Novice',0,0,0,0,0),(856335356,'Normal',13050,39,100,2,2),(856335356,'Expert',0,0,0,0,0),(856335356,'Matre',0,0,0,0,0),(899685323,'Novice',0,0,0,0,0),(899685323,'Normal',0,0,0,0,0),(899685323,'Expert',0,0,0,0,0),(899685323,'Matre',0,0,0,0,0),(565063539,'Novice',0,0,0,0,0),(565063539,'Normal',0,0,0,0,0),(565063539,'Expert',0,0,0,0,0),(565063539,'Matre',0,0,0,0,0),(833378497,'Novice',0,0,0,1,0),(833378497,'Normal',0,0,0,0,0),(833378497,'Expert',0,0,0,0,0),(833378497,'Matre',0,0,0,0,0),(100002480572378,'Novice',0,0,0,0,0),(100002480572378,'Normal',0,0,0,0,0),(100002480572378,'Expert',0,0,0,0,0),(100002480572378,'Matre',0,0,0,0,0),(100000517627220,'Novice',0,0,0,0,0),(100000517627220,'Normal',0,0,0,0,0),(100000517627220,'Expert',0,0,0,0,0),(100000517627220,'Matre',0,0,0,0,0),(776637258,'Novice',0,0,0,0,0),(776637258,'Normal',0,0,0,0,0),(776637258,'Expert',0,0,0,0,0),(776637258,'Matre',0,0,0,0,0),(552280557,'Novice',0,0,0,0,0),(552280557,'Normal',0,0,0,0,0),(552280557,'Expert',0,0,0,0,0),(552280557,'Matre',0,0,0,0,0),(625638292,'Novice',0,0,0,0,0),(625638292,'Normal',0,0,0,0,0),(625638292,'Expert',0,0,0,0,0),(625638292,'Matre',0,0,0,0,0),(742834560,'Novice',0,0,0,0,0),(742834560,'Normal',0,0,0,0,0),(742834560,'Expert',0,0,0,0,0),(742834560,'Matre',0,0,0,0,0),(767033958,'Novice',2410,17,75,7,4),(767033958,'Normal',0,0,0,0,0),(767033958,'Expert',0,0,0,0,0),(767033958,'Matre',0,0,0,0,0),(656094718,'Novice',0,0,0,0,0),(656094718,'Normal',0,0,0,0,0),(656094718,'Expert',0,0,0,0,0),(656094718,'Matre',0,0,0,0,0),(794499892,'Novice',0,0,0,0,0),(794499892,'Normal',0,0,0,0,0),(794499892,'Expert',0,0,0,0,0),(794499892,'Matre',0,0,0,0,0),(700462033,'Novice',0,0,0,1,0),(700462033,'Normal',0,0,0,0,0),(700462033,'Expert',0,0,0,0,0),(700462033,'Matre',0,0,0,0,0),(708101529,'Novice',0,0,0,0,0),(708101529,'Normal',0,0,0,0,0),(708101529,'Expert',0,0,0,0,0),(708101529,'Matre',0,0,0,0,0),(100001428119152,'Novice',0,0,0,0,0),(100001428119152,'Normal',0,0,0,0,0),(100001428119152,'Expert',0,0,0,0,0),(100001428119152,'Matre',0,0,0,0,0),(650554821,'Novice',0,0,0,0,0),(650554821,'Normal',0,0,0,0,0),(650554821,'Expert',0,0,0,0,0),(650554821,'Matre',0,0,0,0,0),(1278218843,'Novice',2780,11,100,2,2),(1278218843,'Normal',11233,40,67,3,3),(1278218843,'Expert',0,0,0,0,0),(1278218843,'Matre',74435,73,85,1,1),(100002892504366,'Novice',2800,10,100,27,24),(100002892504366,'Normal',12150,24,100,8,6),(100002892504366,'Expert',0,0,0,0,0),(100002892504366,'Matre',0,0,0,0,0),(1024630303,'Novice',0,0,0,0,0),(1024630303,'Normal',0,0,0,0,0),(1024630303,'Expert',0,0,0,0,0),(1024630303,'Matre',0,0,0,0,0),(698524321,'Novice',2347,16,67,11,6),(698524321,'Normal',10133,61,75,4,4),(698524321,'Expert',21848,90,90,1,1),(698524321,'Matre',0,0,0,0,0),(1067701072,'Novice',0,0,0,0,0),(1067701072,'Normal',0,0,0,0,0),(1067701072,'Expert',0,0,0,0,0),(1067701072,'Matre',0,0,0,0,0),(1127977842,'Novice',0,0,0,0,0),(1127977842,'Normal',0,0,0,0,0),(1127977842,'Expert',0,0,0,0,0),(1127977842,'Matre',0,0,0,0,0),(815594034,'Novice',2080,21,50,3,1),(815594034,'Normal',11583,34,100,15,12),(815594034,'Expert',0,0,0,0,0),(815594034,'Matre',0,0,0,0,0),(614369445,'Novice',0,0,0,0,0),(614369445,'Normal',0,0,0,0,0),(614369445,'Expert',0,0,0,0,0),(614369445,'Matre',0,0,0,0,0);
/*!40000 ALTER TABLE `SCORES_BEST` ENABLE KEYS */;
UNLOCK TABLES;

--
-- Table structure for table `SCORES_RACE`
--

DROP TABLE IF EXISTS `SCORES_RACE`;
/*!40101 SET @saved_cs_client     = @@character_set_client */;
/*!40101 SET character_set_client = utf8 */;
CREATE TABLE `SCORES_RACE` (
  `SRA_USR_ID` bigint(20) NOT NULL COMMENT 'fk USERS',
  `SRA_SCORE` int(20) NOT NULL COMMENT 'cumul score',
  `SRA_AVERAGE_NB_CLIC` int(20) NOT NULL COMMENT 'average nb clic',
  `SRA_MOST_PLAYED_LEVEL` varchar(20) NOT NULL COMMENT 'most played level',
  UNIQUE KEY `SRA_USR_ID` (`SRA_USR_ID`)
) ENGINE=MyISAM DEFAULT CHARSET=utf8;
/*!40101 SET character_set_client = @saved_cs_client */;

--
-- Dumping data for table `SCORES_RACE`
--

LOCK TABLES `SCORES_RACE` WRITE;
/*!40000 ALTER TABLE `SCORES_RACE` DISABLE KEYS */;
INSERT INTO `SCORES_RACE` (`SRA_USR_ID`, `SRA_SCORE`, `SRA_AVERAGE_NB_CLIC`, `SRA_MOST_PLAYED_LEVEL`) VALUES (559788374,69095,0,'Normal'),(0,0,0,'Didacticiel'),(100000831236752,49688,0,'Novice'),(516542673,0,0,'Didacticiel'),(723805994,70385,0,'Matre'),(1253681478,58671,0,'Novice'),(856335356,2450,0,'Normal'),(560335749,593,0,'Novice'),(709746581,0,0,'Didacticiel'),(100002515460499,0,0,'Didacticiel'),(899685323,0,0,'Didacticiel'),(565063539,0,0,'Didacticiel'),(833378497,0,0,'Didacticiel'),(100002480572378,0,0,'Didacticiel'),(100000517627220,0,0,'Didacticiel'),(776637258,0,0,'Didacticiel'),(552280557,0,0,'Didacticiel'),(625638292,0,0,'Didacticiel'),(742834560,0,0,'Didacticiel'),(767033958,830,0,'Novice'),(656094718,0,0,'Didacticiel'),(794499892,0,0,'Didacticiel'),(700462033,0,0,'Didacticiel'),(708101529,0,0,'Didacticiel'),(100001428119152,0,0,'Didacticiel'),(650554821,0,0,'Didacticiel'),(1278218843,11194,0,'Normal'),(100002892504366,12369,0,'Novice'),(1024630303,0,0,'Didacticiel'),(698524321,7457,0,'Novice'),(1067701072,0,0,'Didacticiel'),(1127977842,0,0,'Didacticiel'),(815594034,12947,0,'Normal'),(614369445,0,0,'Didacticiel');
/*!40000 ALTER TABLE `SCORES_RACE` ENABLE KEYS */;
UNLOCK TABLES;

--
-- Table structure for table `USERS`
--

DROP TABLE IF EXISTS `USERS`;
/*!40101 SET @saved_cs_client     = @@character_set_client */;
/*!40101 SET character_set_client = utf8 */;
CREATE TABLE `USERS` (
  `USR_ID` bigint(20) NOT NULL COMMENT 'id fb',
  `USR_NAME` varchar(100) NOT NULL COMMENT 'name fb',
  `USR_FIRST_NAME` varchar(100) NOT NULL COMMENT 'first name fb',
  `USR_LAST_NAME` varchar(100) NOT NULL COMMENT 'last name fb',
  `USR_USERNAME` varchar(100) NOT NULL COMMENT 'username fb',
  `USR_CONTACT` tinyint(1) NOT NULL DEFAULT '1',
  PRIMARY KEY (`USR_ID`)
) ENGINE=MyISAM DEFAULT CHARSET=utf8;
/*!40101 SET character_set_client = @saved_cs_client */;

--
-- Dumping data for table `USERS`
--

LOCK TABLES `USERS` WRITE;
/*!40000 ALTER TABLE `USERS` DISABLE KEYS */;
INSERT INTO `USERS` (`USR_ID`, `USR_NAME`, `USR_FIRST_NAME`, `USR_LAST_NAME`, `USR_USERNAME`, `USR_CONTACT`) VALUES (559788374,'Thomas Saquet','Thomas','Saquet','thomas.saquet',1),(0,'Guest','Guest','','',1),(100000831236752,'Florent Poinsaut','Florent','Poinsaut','florent.poinsaut',1),(516542673,'Julie Macaire','Julie','Macaire','jmacaire',1),(723805994,'Kvin Le-lostec','Kvin','Le-lostec','kevin.lelostec',1),(560335749,'Xavier Bernard','Xavier','Bernard','xavbernard',1),(709746581,'Starl Kammeut','Starl','Kammeut','',1),(100002515460499,'Thomas Saquet','Thomas','Saquet','',1),(1253681478,'Adeline Morelle','Adeline','Morelle','',1),(856335356,'Lucile Ducarne','Lucile','Ducarne','',1),(899685323,'Marie Desjonqures','Marie','Desjonqures','',1),(565063539,'Baptiste Jacquemet','Baptiste','Jacquemet','',1),(833378497,'Alexandre De Oliveira','Alexandre','De Oliveira','',1),(100002480572378,'Alexandre Kahn','Alexandre','Kahn','',1),(100000517627220,'Claire Butelle','Claire','Butelle','billetdavion',1),(776637258,'Victor Diakov','Victor','Diakov','vityok',1),(552280557,'Pierre-Franois Hugues','Pierre-Franois','Hugues','pf.hugues',1),(625638292,'Bruno Simon','Bruno','Simon','bruno.simon',1),(742834560,'Thophile Gurliat','Thophile','Gurliat','theophile.gurliat',0),(767033958,'Manon Brunissen','Manon','Brunissen','Manou26',1),(656094718,'Pierre-Franois Chiron','Pierre-Franois','Chiron','pf.chiron',1),(794499892,'Anne-Charlotte Tosdu','Anne-Charlotte','Tosdu','actosdu',1),(700462033,'Mathieu Chateau','Mathieu','Chateau','chateaum',1),(708101529,'Aurlie Labonne','Aurlie','Labonne','',1),(100001428119152,'Guillaume Smanio','Guillaume','Smanio','guillaume.smanio',1),(650554821,'Sylvain Decout','Sylvain','Decout','sylvain.decout',1),(1024630303,'Emmanuel Fabre','Emmanuel','Fabre','fabreemm',1),(1278218843,'Alexis Bodet','Alexis','Bodet','elponey',1),(100002892504366,'Julien Jordan','Julien','Jordan','',1),(698524321,'Audrey Duwicquet','Audrey','Duwicquet','aduwicquet',1),(1067701072,'Jeremy Paumelle','Jeremy','Paumelle','',1),(1127977842,'Eilera Kmpfende','Eilera','Kmpfende','',1),(815594034,'Thomas Huguenel','Thomas','Huguenel','thomas.huguenel',1),(614369445,'Sbastien Viger','Sbastien','Viger','sebastien.viger',1);
/*!40000 ALTER TABLE `USERS` ENABLE KEYS */;
UNLOCK TABLES;

--
-- Temporary table structure for view `VIEW_LOGS_SORTED`
--

DROP TABLE IF EXISTS `VIEW_LOGS_SORTED`;
/*!50001 DROP VIEW IF EXISTS `VIEW_LOGS_SORTED`*/;
SET @saved_cs_client     = @@character_set_client;
SET character_set_client = utf8;
/*!50001 CREATE TABLE `VIEW_LOGS_SORTED` (
  `USR_NAME` varchar(100),
  `USR_ID` bigint(20),
  `LOG_DATE` datetime,
  `LOG_USR_IP` varchar(20),
  `LOG_MSG` varchar(50)
) ENGINE=MyISAM */;
SET character_set_client = @saved_cs_client;

--
-- Final view structure for view `VIEW_LOGS_SORTED`
--

/*!50001 DROP TABLE IF EXISTS `VIEW_LOGS_SORTED`*/;
/*!50001 DROP VIEW IF EXISTS `VIEW_LOGS_SORTED`*/;
/*!50001 SET @saved_cs_client          = @@character_set_client */;
/*!50001 SET @saved_cs_results         = @@character_set_results */;
/*!50001 SET @saved_col_connection     = @@collation_connection */;
/*!50001 SET character_set_client      = utf8 */;
/*!50001 SET character_set_results     = utf8 */;
/*!50001 SET collation_connection      = utf8_general_ci */;
/*!50001 CREATE ALGORITHM=UNDEFINED */
/*!50013 DEFINER=`echoes`@`localhost` SQL SECURITY DEFINER */
/*!50001 VIEW `VIEW_LOGS_SORTED` AS select `u`.`USR_NAME` AS `USR_NAME`,`u`.`USR_ID` AS `USR_ID`,`l`.`LOG_DATE` AS `LOG_DATE`,`l`.`LOG_USR_IP` AS `LOG_USR_IP`,`l`.`LOG_MSG` AS `LOG_MSG` from (`LOGS` `l` join `USERS` `u`) where (`l`.`LOG_USR_ID` = `u`.`USR_ID`) order by `l`.`LOG_DATE` desc */;
/*!50001 SET character_set_client      = @saved_cs_client */;
/*!50001 SET character_set_results     = @saved_cs_results */;
/*!50001 SET collation_connection      = @saved_col_connection */;
/*!40103 SET TIME_ZONE=@OLD_TIME_ZONE */;

/*!40101 SET SQL_MODE=@OLD_SQL_MODE */;
/*!40014 SET FOREIGN_KEY_CHECKS=@OLD_FOREIGN_KEY_CHECKS */;
/*!40014 SET UNIQUE_CHECKS=@OLD_UNIQUE_CHECKS */;
/*!40101 SET CHARACTER_SET_CLIENT=@OLD_CHARACTER_SET_CLIENT */;
/*!40101 SET CHARACTER_SET_RESULTS=@OLD_CHARACTER_SET_RESULTS */;
/*!40101 SET COLLATION_CONNECTION=@OLD_COLLATION_CONNECTION */;
/*!40111 SET SQL_NOTES=@OLD_SQL_NOTES */;

-- Dump completed on 2011-10-05  1:01:32
